song_id,label,song,artist,artist_primary,entry_date,exit_date,total_days,number_of_runs,peak_position,avg_position,position_std,peak_popularity,avg_popularity,is_explicit,album_type,total_tracks,duration_ms,days_top10,days_top25,span_days,duration_min,entry_position,exit_position,popularity_at_entry,popularity_at_exit,peak_date,time_to_peak,popularity_peak_date,days_to_popularity_peak,left_censored,right_censored,event_observed,reentry,reached_top10,single,explicit,dominant_stage,run1_days
0 confianza | rvfv,0 CONFIANZA — Rvfv,0 CONFIANZA,Rvfv,rvfv,2025-06-02,2025-06-23,20,2,23,29.65,5.659412281184421,62.0,57.55,False,album,20,217500.0,0,3,22,3.625,40,42,35.0,62.0,2025-06-07,5,2025-06-22,20.0,False,False,True,True,False,False,False,Decline,1
1 de enero puntacana | rels b,"1 de Enero, Puntacana — Rels B","1 de Enero, Puntacana",Rels B,rels b,2025-04-28,2025-04-28,1,1,45,45.0,,65.0,65.0,False,album,13,95000.0,0,0,1,1.5833333333333333,45,45,65.0,65.0,2025-04-28,0,2025-04-28,0.0,False,False,True,False,False,False,False,New Entry,1
1000cosas | lola indigo,1000COSAS — Lola Indigo,1000COSAS,Lola Indigo & Manuel Turizo,lola indigo,2025-03-10,2025-11-13,245,1,3,20.428571428571427,9.585679209197401,81.0,76.17142857142858,False,single,1,239482.0,40,174,249,3.9913666666666665,3,44,65.0,72.0,2025-03-10,0,2025-04-11,32.0,False,False,True,False,True,True,False,Mature,245
100xciento | foreign teck,100xCiento — Foreign Teck,100xCiento,Foreign Teck & Eladio Carrion & De La Ghetto,foreign teck,2025-04-30,2025-05-15,11,4,13,28.181818181818183,9.086453453555814,75.0,73.72727272727273,True,single,1,219682.0,0,4,16,3.661366666666667,42,37,72.0,75.0,2025-05-11,11,2025-05-11,11.0,False,False,True,True,False,True,True,Growth,1
14 febreros | quevedo,14 FEBREROS — Quevedo,14 FEBREROS,Quevedo,quevedo,2025-11-24,2025-11-27,4,1,9,13.5,3.3166247903554003,68.0,65.75,True,album,18,172422.0,1,4,4,2.8737,9,16,63.0,68.0,2025-11-24,0,2025-11-27,3.0,False,True,False,False,True,False,True,New Entry,4
2am | sebastian yatra,2AM — Sebastian Yatra,2AM,Sebastian Yatra & Bad Gyal,sebastian yatra,2025-11-24,2025-11-27,4,1,31,39.5,6.608075867199671,64.0,60.0,False,single,1,196426.0,0,0,4,3.2737666666666665,41,31,55.0,64.0,2025-11-27,3,2025-11-27,3.0,False,True,False,False,False,True,False,New Entry,4
2xll | jc reyes,2xLL — JC Reyes,2xLL,JC Reyes & YOVNGCHIMI & Slayter,jc reyes,2025-07-12,2025-08-09,26,2,35,40.76923076923077,5.523098350076286,71.0,68.8076923076923,False,single,1,178909.0,0,0,29,2.9818166666666666,50,47,61.0,71.0,2025-07-23,11,2025-08-01,20.0,False,False,True,True,False,True,False,Mature,2
3 caidas | saiko,3 CAÍDAS — SAIKO,3 CAÍDAS,SAIKO,saiko,2025-04-28,2025-05-05,8,1,13,30.75,11.744299529072451,69.0,65.75,False,album,16,251565.0,0,4,8,4.19275,13,47,61.0,69.0,2025-04-28,0,2025-05-05,7.0,False,False,True,False,False,False,False,Decline,8
4 prez | cruz cafune,4 PREZ — Cruz Cafuné,4 PREZ,Cruz Cafuné,cruz cafune,2024-05-28,2024-05-29,2,1,35,40.5,7.7781745930520225,56.0,54.5,True,album,23,149484.0,0,0,2,2.4914,35,46,53.0,56.0,2024-05-28,0,2024-05-29,1.0,False,False,True,False,False,False,True,New Entry,2
4to 23 | aitana,4TO 23 — Aitana,4TO 23,Aitana,aitana,2025-07-07,2025-07-16,9,1,17,35.0,11.863810517704673,69.0,65.22222222222223,False,single,1,168320.0,0,2,10,2.8053333333333335,17,50,58.0,69.0,2025-07-07,0,2025-07-14,7.0,False,False,True,False,False,True,False,Decline,9
50 palos | feid,50 PALOS — Feid,50 PALOS,Feid,feid,2024-12-02,2024-12-02,1,1,38,38.0,,,,True,album,10,167240.0,0,0,1,2.787333333333333,38,38,,,2024-12-02,0,,,False,False,True,False,False,False,True,New Entry,1
57 | karol g,57 — KAROL G,57,KAROL G & Feid & DFZM,karol g,2025-11-10,2025-11-27,18,1,8,17.833333333333332,11.83340237483311,85.0,80.11111111111111,True,single,1,298130.0,5,14,18,4.968833333333333,8,41,69.0,85.0,2025-11-10,0,2025-11-25,15.0,False,True,False,False,True,True,True,Decline,18
58 | jhayco,58 — JHAYCO,58,JHAYCO,jhayco,2025-09-08,2025-09-18,8,3,35,44.0,4.4077853201547175,68.0,65.0,False,album,29,287586.0,0,0,11,4.7931,35,45,56.0,68.0,2025-09-08,0,2025-09-16,8.0,False,False,True,True,False,False,False,Mature,1
69 | nicky jam,69 — Nicky Jam,69,Nicky Jam & Feid,nicky jam,2024-05-21,2024-06-30,41,1,22,36.048780487804876,8.006095238979471,87.0,83.53658536585365,True,single,1,221935.0,0,5,41,3.698916666666667,39,49,67.0,87.0,2024-05-31,10,2024-06-18,28.0,False,False,True,False,False,True,True,Decline,41
a 300 | jc reyes,A 300 — JC Reyes,A 300,JC Reyes & Pedro Calderon,jc reyes,2024-08-06,2025-04-24,255,2,11,25.564705882352943,8.051185258500611,79.0,76.90980392156862,False,single,1,169208.0,0,121,262,2.820133333333333,50,32,73.0,76.0,2025-01-14,161,2025-01-15,162.0,False,False,True,True,False,True,False,Mature,69
a new star 2 0 2 4 | rels b,a new star (2 0 2 4) — Rels B,a new star (2 0 2 4),Rels B,rels b,2025-05-09,2025-05-30,16,3,32,40.5625,5.7034346377131975,76.0,75.375,True,album,13,142235.0,0,0,22,2.3705833333333333,48,50,74.0,76.0,2025-05-16,7,2025-05-18,9.0,False,False,True,True,False,False,True,Decline,4
acho pr | bad bunny,ACHO PR — Bad Bunny,ACHO PR,Bad Bunny,bad bunny,2024-10-14,2024-10-20,7,1,15,30.428571428571427,13.100345324419797,85.0,81.16666666666667,True,album,22,359647.0,0,2,7,5.994116666666667,15,48,,85.0,2024-10-14,0,2024-10-20,6.0,False,False,True,False,False,False,True,New Entry,7
acrostico | shakira,Acróstico — Shakira,Acróstico,Shakira,shakira,2024-05-18,2024-07-09,53,1,1,18.339622641509433,15.696574094890915,92.0,90.84905660377359,False,single,1,170785.0,21,38,53,2.846416666666667,3,50,81.0,92.0,2024-05-19,1,2024-06-03,16.0,True,False,True,False,True,True,False,Decline,53
adivino | myke towers,ADIVINO — Myke Towers,ADIVINO,Myke Towers & Bad Bunny,myke towers,2025-04-28,2025-11-16,201,1,1,19.09452736318408,13.331017211769606,90.0,81.44,True,single,1,278644.0,86,130,203,4.644066666666666,1,49,77.0,74.0,2025-04-28,0,2025-05-15,17.0,False,False,True,False,True,True,True,Peak,201
akureyri | aitana,Akureyri — Aitana,Akureyri,Aitana & Sebastian Yatra,aitana,2025-04-28,2025-06-01,34,2,10,27.88235294117647,11.577838563870705,77.0,74.6470588235294,False,single,1,194400.0,2,14,35,3.24,10,49,64.0,76.0,2025-04-28,0,2025-05-19,21.0,False,False,True,True,True,True,False,Decline,33
alakran | feid,ALAKRAN — Feid,ALAKRAN,Feid,feid,2024-12-02,2024-12-05,3,2,24,39.333333333333336,13.316656236958785,73.0,70.5,False,album,10,90613.0,0,1,4,1.5102166666666668,24,48,,73.0,2024-12-02,0,2024-12-05,3.0,False,False,True,True,False,False,False,New Entry,2
alegria | tiago pzk,Alegría — Tiago PZK,Alegría,Tiago PZK,tiago pzk,2025-09-28,2025-10-05,8,1,8,20.0,17.46015872943722,74.0,73.125,False,album,14,165054.0,4,6,8,2.7509,48,48,73.0,74.0,2025-10-02,4,2025-10-05,7.0,False,False,True,False,True,False,False,Decline,8
all i want for christmas is you | mariah carey,All I Want for Christmas Is You — Mariah Carey,All I Want for Christmas Is You,Mariah Carey,mariah carey,2024-12-03,2025-01-02,20,4,1,32.95,15.649028892016203,100.0,99.0,False,album,10,241106.0,3,4,31,4.018433333333333,49,45,95.0,100.0,2024-12-25,22,2024-12-18,15.0,False,False,True,True,True,False,False,Decline,2
alucin | eugenio esquivel,Alucin — Eugenio Esquivel,Alucin,Eugenio Esquivel & Grupo Marca Registrada & Sebastian Esquivel,eugenio esquivel,2025-01-13,2025-04-05,35,8,21,39.48571428571429,6.705447428030738,91.0,89.45714285714286,True,single,1,197114.0,0,3,83,3.2852333333333332,48,33,89.0,87.0,2025-03-22,68,2025-01-26,13.0,False,False,True,True,False,True,True,Mature,8
amanece | anuel aa,Amanece — Anuel AA,Amanece,Anuel AA & Haze,anuel aa,2024-05-25,2025-07-06,15,3,47,48.53333333333333,1.0600988273786196,85.0,81.46666666666667,False,single,1,190004.0,0,0,408,3.166733333333333,50,48,84.0,81.0,2024-06-23,29,2024-06-22,28.0,False,False,True,True,False,True,False,Mature,2
amanecio | quevedo,AMANECIÓ — Quevedo,AMANECIÓ,Quevedo,quevedo,2025-11-24,2025-11-27,4,1,13,17.0,2.70801280154532,68.0,65.5,False,album,18,255333.0,0,4,4,4.25555,13,18,62.0,68.0,2025-11-24,0,2025-11-27,3.0,False,True,False,False,False,False,False,New Entry,4
amar de nuevo | rauw alejandro,Amar De Nuevo — Rauw Alejandro,Amar De Nuevo,Rauw Alejandro,rauw alejandro,2025-11-17,2025-11-17,1,1,45,45.0,,64.0,64.0,True,album,18,268042.0,0,0,1,4.467366666666667,45,45,64.0,64.0,2025-11-17,0,2025-11-17,0.0,False,False,True,False,False,False,True,New Entry,1
amargura | karol g,AMARGURA — KAROL G,AMARGURA,KAROL G,karol g,2024-05-26,2025-10-31,153,4,16,32.76470588235294,9.592187546097326,92.0,87.41176470588235,True,album,17,170480.0,0,38,524,2.8413333333333335,50,49,85.0,85.0,2025-07-26,426,2024-07-01,36.0,False,False,True,True,False,False,True,Mature,2
andando | morad,Andando — Morad,Andando,Morad,morad,2024-05-18,2024-06-03,17,1,34,41.1764705882353,3.4683442396489226,76.0,72.6470588235294,True,album,19,261713.0,0,0,17,4.361883333333333,40,50,67.0,76.0,2024-05-19,1,2024-06-03,16.0,True,False,True,False,False,False,True,Decline,17
antes | rvfv,Antes — Rvfv,Antes,Rvfv & Edu García,rvfv,2024-05-18,2024-07-22,58,3,29,42.0,5.4740215820456655,79.0,78.1896551724138,False,single,1,153684.0,0,0,66,2.5614,29,45,79.0,78.0,2024-05-18,0,2024-05-18,0.0,True,False,True,True,False,True,False,Decline,38
antidepresivos | saiko,Antidepresivos — Saiko,Antidepresivos,Saiko,saiko,2024-08-06,2024-12-19,136,1,13,29.779411764705884,9.92765771970228,79.0,77.04411764705883,False,single,1,145384.0,0,51,136,2.4230666666666667,13,41,64.0,76.0,2024-08-06,0,2024-10-07,62.0,False,False,True,False,False,True,False,Mature,136
apaga el cel | floyymenor,APAGA EL CEL — FloyyMenor,APAGA EL CEL,FloyyMenor & Lewis Somes,floyymenor,2025-05-26,2025-09-04,89,2,7,21.876404494382022,10.580664423972001,87.0,79.17977528089888,True,single,1,184806.0,6,73,102,3.0801,48,50,74.0,72.0,2025-06-12,17,2025-07-21,56.0,False,False,True,True,True,True,True,Mature,88
apt | rose,APT. — ROSÉ,APT.,ROSÉ & Bruno Mars,rose,2025-10-23,2025-11-01,7,2,42,44.42857142857143,1.7182493859684491,96.0,92.14285714285714,False,single,1,169917.0,0,0,10,2.83195,45,46,88.0,96.0,2025-10-30,7,2025-11-01,9.0,False,False,True,True,False,True,False,New Entry,4
aqyne | aitana,AQYNE — Aitana,AQYNE,Aitana,aitana,2024-09-27,2024-09-29,3,1,40,40.333333333333336,0.5773502691896263,73.0,72.33333333333333,False,album,15,181426.0,0,0,3,3.0237666666666665,41,40,71.0,73.0,2024-09-28,1,2024-09-28,1.0,False,False,True,False,False,False,False,New Entry,3
arena y sal | omar montes,Arena y Sal — Omar Montes,Arena y Sal,Omar Montes & Saiko & Tunvao,omar montes,2024-05-21,2025-01-20,242,2,3,20.024793388429753,12.461367894062011,86.0,80.00413223140495,False,single,1,174415.0,95,137,245,2.9069166666666666,18,39,59.0,77.0,2024-08-06,77,2024-07-18,58.0,False,False,True,True,True,True,False,Peak,218
arranca | becky g,Arranca (feat. Omega) — Becky G,Arranca (feat. Omega),Becky G & Omega,becky g,2024-05-18,2024-07-25,69,1,38,44.21739130434783,3.2352359911076896,86.0,84.55072463768116,False,single,1,166529.0,0,0,69,2.7754833333333333,38,50,82.0,86.0,2024-05-18,0,2024-07-01,44.0,True,False,True,False,False,True,False,Mature,69
asi es la vida | enrique iglesias,ASI ES LA VIDA — Enrique Iglesias,ASI ES LA VIDA,Enrique Iglesias & Maria Becerra,enrique iglesias,2024-11-22,2025-03-23,67,6,38,45.11940298507463,3.4620119744015967,84.0,82.98507462686567,False,single,1,172095.0,0,0,122,2.86825,50,48,83.0,81.0,2025-01-31,70,2025-02-18,88.0,False,False,True,True,False,True,False,Mature,3
attitude | don toliver,ATTITUDE (FEAT. CHARLIE WILSON & CASH COBAIN) — Don Toliver,ATTITUDE (FEAT. CHARLIE WILSON & CASH COBAIN),Don Toliver,don toliver,2025-06-21,2025-06-21,1,1,46,46.0,,69.0,69.0,True,album,16,161053.0,0,0,1,2.6842166666666665,46,46,69.0,69.0,2025-06-21,0,2025-06-21,0.0,False,False,True,False,False,False,True,New Entry,1
aunque llegue otro | myke towers,AUNQUE LLEGUE OTRO (feat. Jay Wheeler) — Myke Towers,AUNQUE LLEGUE OTRO (feat. Jay Wheeler),Myke Towers,myke towers,2025-08-24,2025-08-24,1,1,23,23.0,,,,True,album,20,197800.0,0,1,1,3.296666666666667,23,23,,,2025-08-24,0,,,False,False,True,False,False,False,True,New Entry,1
ayer y hoy | mora,AYER Y HOY — Mora,AYER Y HOY,Mora,mora,2024-08-30,2024-08-31,2,1,23,34.5,16.263455967290593,69.0,69.0,True,album,15,317016.0,0,1,2,5.2836,23,46,,69.0,2024-08-30,0,2024-08-31,1.0,False,False,True,False,False,False,True,New Entry,2
ayer | dellafuente,Ayer — DELLAFUENTE,Ayer,DELLAFUENTE,dellafuente,2025-06-16,2025-06-18,2,2,37,43.0,8.48528137423857,50.0,40.0,False,album,10,155700.0,0,0,3,2.595,37,49,30.0,50.0,2025-06-16,0,2025-06-18,2.0,False,False,True,True,False,False,False,New Entry,1
baby hello | rauw alejandro,BABY HELLO — Rauw Alejandro,BABY HELLO,Rauw Alejandro & Bizarrap,rauw alejandro,2024-06-25,2025-04-19,296,2,2,22.263513513513512,14.367742347207825,89.0,77.7593220338983,True,album,14,222461.0,98,169,299,3.707683333333333,4,50,71.0,74.0,2024-06-28,3,2024-07-07,12.0,False,False,True,True,True,False,True,Mature,295
baby nueva | bad bunny,BABY NUEVA — Bad Bunny,BABY NUEVA,Bad Bunny,bad bunny,2024-10-14,2024-10-28,15,1,12,31.666666666666668,13.232355727353998,90.0,86.64285714285714,True,album,22,240773.0,0,6,15,4.012883333333333,12,47,,90.0,2024-10-14,0,2024-10-27,13.0,False,False,True,False,False,False,True,Decline,15
bad boy | chris jedi,BAD BOY — Chris Jedi,BAD BOY,Chris Jedi & Gaby Music & Dei V,chris jedi,2025-02-11,2025-03-10,28,1,16,25.25,6.1501279721705036,78.0,73.39285714285714,True,single,1,235146.0,0,17,28,3.9191,16,45,58.0,77.0,2025-02-11,0,2025-03-03,20.0,False,False,True,False,False,True,True,Decline,28
badgyal | saiko,BADGYAL — SAIKO,BADGYAL,SAIKO,saiko,2025-04-28,2025-11-23,208,1,1,10.846153846153847,9.644170956843107,85.0,79.79807692307692,True,album,16,253962.0,129,184,210,4.2327,4,36,65.0,74.0,2025-05-01,3,2025-05-22,24.0,False,False,True,False,True,False,True,Peak,208
bailando bachata | chayanne,Bailando Bachata — Chayanne,Bailando Bachata,Chayanne,chayanne,2025-05-13,2025-06-02,9,2,45,48.111111111111114,1.615893285805443,78.0,77.88888888888889,False,album,9,170809.0,0,0,21,2.8468166666666668,50,46,77.0,78.0,2025-06-01,19,2025-05-26,13.0,False,False,True,True,False,False,False,Growth,1
baja pa aca | rauw alejandro,Baja Pa' Acá — Rauw Alejandro,Baja Pa' Acá,Rauw Alejandro,rauw alejandro,2025-11-17,2025-11-20,4,1,22,40.0,12.328828005937952,72.0,69.75,True,album,18,200000.0,0,1,4,3.3333333333333335,22,48,66.0,72.0,2025-11-17,0,2025-11-20,3.0,False,False,True,False,False,False,True,New Entry,4
bandidona | saiko,Bandidona — Saiko,Bandidona,Saiko,saiko,2024-10-29,2024-11-10,13,1,20,32.23076923076923,10.528958844965363,74.0,68.61538461538461,False,single,1,160941.0,0,5,13,2.68235,20,48,39.0,74.0,2024-10-29,0,2024-11-06,8.0,False,False,True,False,False,True,False,Decline,13
bandit | don toliver,BANDIT — Don Toliver,BANDIT,Don Toliver,don toliver,2025-06-21,2025-06-21,1,1,27,27.0,,69.0,69.0,True,album,16,147706.0,0,0,1,2.4617666666666667,27,27,69.0,69.0,2025-06-21,0,2025-06-21,0.0,False,False,True,False,False,False,True,New Entry,1
barro | duki,Barro — Duki,Barro,Duki,duki,2025-10-20,2025-10-20,1,1,40,40.0,,60.0,60.0,False,single,1,201052.0,0,0,1,3.3508666666666667,40,40,60.0,60.0,2025-10-20,0,2025-10-20,0.0,False,False,True,False,False,True,False,New Entry,1
baticano | bad bunny,BATICANO — Bad Bunny,BATICANO,Bad Bunny,bad bunny,2024-10-14,2024-10-18,5,1,23,32.6,8.763560920082657,83.0,79.25,True,album,22,256000.0,0,2,5,4.266666666666667,23,39,,83.0,2024-10-14,0,2024-10-18,4.0,False,False,True,False,False,False,True,New Entry,5
bby boo remix | izaak,BBY BOO - REMIX — iZaak,BBY BOO - REMIX,iZaak & Jhayco & Anuel AA,izaak,2025-03-30,2025-07-23,115,1,5,18.043478260869566,9.488119352548612,86.0,82.62608695652175,True,single,3,275862.0,25,87,116,4.5977,32,39,63.0,83.0,2025-04-18,19,2025-05-08,39.0,False,False,True,False,True,True,True,Mature,115
beautiful things | benson boone,Beautiful Things — Benson Boone,Beautiful Things,Benson Boone,benson boone,2025-03-13,2025-06-23,91,3,17,39.07692307692308,8.598747672682428,100.0,90.17582417582418,False,album,15,180304.0,0,10,103,3.0050666666666666,47,47,100.0,88.0,2025-04-04,22,2025-03-13,0.0,False,False,True,True,False,False,False,Mature,44
bendecido | eladio carrion,Bendecido — Eladio Carrion,Bendecido,Eladio Carrion,eladio carrion,2025-01-21,2025-01-26,6,1,7,23.0,13.971399357258385,78.0,75.0,True,album,17,142736.0,1,4,6,2.3789333333333333,7,45,71.0,78.0,2025-01-21,0,2025-01-25,4.0,False,False,True,False,True,False,True,New Entry,6
besame remix | bhavi,"BESAME (feat. Tiago PZK, Khea & Neo Pistea) - Remix — Bhavi","BESAME (feat. Tiago PZK, Khea & Neo Pistea) - Remix",Bhavi & Seven Kayne & Milo j,bhavi,2025-04-24,2025-05-06,11,3,28,42.54545454545455,8.041935542686678,85.0,83.0909090909091,True,single,1,284308.0,0,0,13,4.738466666666667,46,49,80.0,85.0,2025-04-26,2,2025-05-04,10.0,False,False,True,True,False,True,True,Decline,4
besitos bb 2 0 | el perla,Besitos BB 2.0 — El Perla,Besitos BB 2.0,El Perla & Omar Montes & SAIKO,el perla,2025-10-16,2025-10-31,11,3,9,28.09090909090909,10.074269655459352,67.0,64.63636363636364,True,single,1,233693.0,1,5,16,3.8948833333333335,9,24,61.0,67.0,2025-10-16,0,2025-10-30,14.0,False,False,True,True,True,True,True,Decline,1
beso prohibido | beny jr,Beso Prohibido — Beny Jr,Beso Prohibido,Beny Jr,beny jr,2025-09-07,2025-09-07,1,1,49,49.0,,64.0,64.0,False,album,14,152866.0,0,0,1,2.5477666666666665,49,49,64.0,64.0,2025-09-07,0,2025-09-07,0.0,False,False,True,False,False,False,False,New Entry,1
beso | rosalia,BESO — ROSALÍA,BESO,ROSALÍA & Rauw Alejandro,rosalia,2024-05-18,2024-10-06,142,1,4,21.929577464788732,12.160655011826119,96.0,93.90140845070422,False,single,3,194543.0,19,104,142,3.242383333333333,4,47,96.0,89.0,2024-05-18,0,2024-05-18,0.0,True,False,True,False,True,True,False,Mature,142
besos | swaggglock,BESOS (with Kidd Keo & Neelo) — SwaggGlock,BESOS (with Kidd Keo & Neelo),SwaggGlock & Kidd Keo & Neelo,swaggglock,2024-09-14,2024-10-13,30,1,22,32.0,6.225642190943452,77.0,75.1,True,single,1,172852.0,0,6,30,2.8808666666666665,38,37,72.0,77.0,2024-09-19,5,2024-10-04,20.0,False,False,True,False,False,True,True,Decline,30
birds of a feather | billie eilish,BIRDS OF A FEATHER — Billie Eilish,BIRDS OF A FEATHER,Billie Eilish,billie eilish,2025-06-12,2025-06-13,2,1,49,49.0,0.0,92.0,92.0,False,album,10,210373.0,0,0,2,3.5062166666666665,49,49,92.0,92.0,2025-06-12,0,2025-06-12,0.0,False,False,True,False,False,False,False,New Entry,2
boreal | saiko,BOREAL — SAIKO,BOREAL,SAIKO,saiko,2025-04-28,2025-05-01,4,1,22,35.5,9.433981132056605,65.0,62.5,False,album,16,165210.0,0,1,4,2.7535,22,44,59.0,65.0,2025-04-28,0,2025-05-01,3.0,False,False,True,False,False,False,False,New Entry,4
brindis | duki,Brindis — Duki,Brindis,Duki,duki,2025-11-03,2025-11-07,3,2,30,40.333333333333336,10.016652800877813,70.0,67.0,True,album,15,180750.0,0,0,5,3.0125,30,50,62.0,70.0,2025-11-03,0,2025-11-07,4.0,False,False,True,True,False,False,True,New Entry,1
bubalu | feid,BUBALU — Feid,BUBALU,Feid & Rema,feid,2024-09-24,2024-10-06,13,1,21,33.69230769230769,8.957163012403493,77.0,71.6,False,album,15,228253.0,0,3,13,3.8042166666666666,23,44,,72.0,2024-09-25,1,2024-09-29,5.0,False,False,True,False,False,False,False,Decline,13
buenas noches | quevedo,BUENAS NOCHES — Quevedo,BUENAS NOCHES,Quevedo,quevedo,2025-11-24,2025-11-27,4,1,18,25.25,5.188127472091127,66.0,63.5,False,album,18,238883.0,0,2,4,3.9813833333333335,18,25,60.0,66.0,2025-11-24,0,2025-11-27,3.0,False,True,False,False,False,False,False,New Entry,4
buenas | quevedo,Buenas — Quevedo,Buenas,Quevedo & Saiko,quevedo,2024-09-24,2025-03-12,170,1,1,20.294117647058822,11.818472682801474,87.0,82.60588235294118,False,single,1,192954.0,30,113,170,3.2159,1,48,53.0,78.0,2024-09-24,0,2024-10-15,21.0,False,False,True,False,True,True,False,Mature,170
buscando money | twenty six,Buscando Money — TWENTY SIX,Buscando Money,TWENTY SIX & Tayson Kryss,twenty six,2025-02-02,2025-04-17,73,1,4,24.08219178082192,15.331298256849847,87.0,80.05633802816901,False,single,2,150000.0,20,44,75,2.5,40,48,75.0,83.0,2025-02-15,13,2025-02-22,20.0,False,False,True,False,True,True,False,Decline,73
buscarte lejos | duki,Buscarte Lejos — Duki,Buscarte Lejos,Duki,duki,2025-11-03,2025-11-09,7,1,28,37.57142857142857,8.403514004215593,72.0,68.0,False,album,15,194447.0,0,0,7,3.2407833333333333,33,49,62.0,72.0,2025-11-06,3,2025-11-09,6.0,False,False,True,False,False,False,False,New Entry,7
cache | myke towers,CACHÉ — Myke Towers,CACHÉ,Myke Towers,myke towers,2025-08-24,2025-08-24,1,1,47,47.0,,,,True,album,20,196906.0,0,0,1,3.2817666666666665,47,47,,,2025-08-24,0,,,False,False,True,False,False,False,True,New Entry,1
cafe malibu | sech,Cafe Malibú — Sech,Cafe Malibú,Sech & Mora & Saiko,sech,2024-07-23,2024-09-19,59,1,9,27.949152542372882,8.0631638541207,81.0,80.16949152542372,True,single,1,260307.0,3,20,59,4.33845,10,47,69.0,80.0,2024-07-25,2,2024-08-06,14.0,False,False,True,False,True,True,True,Decline,59
caida del cielo 3 | rels b,caída del cielo <3 — Rels B,caída del cielo <3,Rels B,rels b,2025-04-28,2025-05-01,2,2,38,43.0,7.0710678118654755,71.0,68.5,True,album,13,133220.0,0,0,4,2.2203333333333335,38,48,66.0,71.0,2025-04-28,0,2025-05-01,3.0,False,False,True,True,False,False,True,New Entry,1
call me maybe | duki,CALL ME MAYBE — Duki,CALL ME MAYBE,Duki,duki,2024-12-10,2024-12-10,1,1,50,50.0,,65.0,65.0,False,single,1,222401.0,0,0,1,3.7066833333333333,50,50,65.0,65.0,2024-12-10,0,2024-12-10,0.0,False,False,True,False,False,True,False,New Entry,1
cangrinaje | cruz cafune,Cangrinaje — Cruz Cafuné,Cangrinaje,Cruz Cafuné,cruz cafune,2024-05-28,2024-05-28,1,1,48,48.0,,56.0,56.0,True,album,23,211765.0,0,0,1,3.5294166666666666,48,48,56.0,56.0,2024-05-28,0,2024-05-28,0.0,False,False,True,False,False,False,True,New Entry,1
capri sun | b10,Capri Sun — B10,Capri Sun,B10 & Kilvertz,b10,2025-07-31,2025-08-14,14,1,34,41.142857142857146,5.0513843168465735,70.0,66.28571428571429,False,single,1,168727.0,0,0,15,2.812116666666667,46,50,61.0,70.0,2025-08-05,5,2025-08-14,14.0,False,False,True,False,False,True,False,Decline,14
carita triste | ana mena,CARITA TRISTE — Ana Mena,CARITA TRISTE,Ana Mena & Emilia,ana mena,2025-09-01,2025-11-23,84,1,9,30.011904761904763,11.447621994991712,78.0,75.26190476190476,False,single,1,175296.0,1,28,84,2.9216,14,38,60.0,75.0,2025-09-07,6,2025-09-22,21.0,False,False,True,False,True,True,False,Decline,84
cartera tacos | myke towers,CARTERA & TACOS — Myke Towers,CARTERA & TACOS,Myke Towers,myke towers,2024-11-25,2024-11-25,1,1,47,47.0,,,,True,album,23,129932.0,0,0,1,2.1655333333333333,47,47,,,2024-11-25,0,,,False,False,True,False,False,False,True,New Entry,1
casanova | soolking,Casanova — Soolking,Casanova,Soolking & Lola Indigo & Rvfv,soolking,2024-12-10,2025-05-29,168,2,1,18.5,15.900890646542209,84.0,79.23809523809524,False,single,1,243806.0,70,118,171,4.063433333333333,12,50,60.0,74.0,2025-01-01,22,2025-01-10,31.0,False,False,True,True,True,True,False,Peak,137
caserio | yandel,Caserio — Yandel,Caserio,Yandel & SAIKO,yandel,2025-03-10,2025-03-10,1,1,41,41.0,,59.0,59.0,True,single,1,189524.0,0,0,1,3.158733333333333,41,41,59.0,59.0,2025-03-10,0,2025-03-10,0.0,False,False,True,False,False,True,True,New Entry,1
celine | ghost killer track,Celine (with Kidd Keo) — Ghost Killer Track,Celine (with Kidd Keo),Ghost Killer Track & Kidd Keo,ghost killer track,2025-10-03,2025-11-27,55,2,9,21.472727272727273,11.406389608711597,73.0,71.65454545454546,False,single,1,176017.0,6,37,56,2.9336166666666665,50,46,65.0,73.0,2025-10-18,15,2025-10-23,20.0,False,True,False,True,True,True,False,Decline,52
cha cha cha | kaarija,Cha Cha Cha — Käärijä,Cha Cha Cha,Käärijä,kaarija,2024-05-18,2024-05-20,3,1,37,42.666666666666664,5.507570547286103,88.0,87.0,False,single,1,175161.0,0,0,3,2.91935,37,48,86.0,88.0,2024-05-18,0,2024-05-20,2.0,True,False,True,False,False,True,False,Unclassified,3
chapiadora com | quevedo,CHAPIADORA.COM — Quevedo,CHAPIADORA.COM,Quevedo,quevedo,2025-11-24,2025-11-27,4,1,8,14.0,4.242640687119285,68.0,66.0,False,album,18,197418.0,1,4,4,3.2903,8,17,63.0,68.0,2025-11-24,0,2025-11-27,3.0,False,True,False,False,True,False,False,New Entry,4
chihiro | billie eilish,CHIHIRO — Billie Eilish,CHIHIRO,Billie Eilish,billie eilish,2025-05-19,2025-05-25,7,1,39,46.0,3.559026084010438,92.0,84.71428571428571,False,album,10,303440.0,0,0,7,5.057333333333333,39,47,61.0,92.0,2025-05-19,0,2025-05-25,6.0,False,False,True,False,False,False,False,New Entry,7
chorrito pa las animas | feid,CHORRITO PA LAS ANIMAS — Feid,CHORRITO PA LAS ANIMAS,Feid,feid,2024-05-18,2024-06-14,28,1,32,38.892857142857146,2.8328664414568303,91.0,91.0,True,single,6,168133.0,0,0,28,2.802216666666667,32,48,91.0,91.0,2024-05-18,0,2024-05-18,0.0,True,False,True,False,False,True,True,Mature,28
chula | jc reyes,CHULA — JC Reyes,CHULA,JC Reyes,jc reyes,2024-12-28,2025-01-20,8,2,49,49.625,0.5175491695067631,73.0,71.75,False,single,1,152842.0,0,0,24,2.5473666666666666,50,49,69.0,73.0,2025-01-17,20,2025-01-16,19.0,False,False,True,True,False,True,False,Mature,3
chulo pt 2 | bad gyal,Chulo pt.2 — Bad Gyal,Chulo pt.2,Bad Gyal & Tokischa & Young Miko,bad gyal,2024-06-24,2024-10-13,87,2,22,35.85057471264368,6.824253491216189,91.0,87.17241379310344,True,single,1,219333.0,0,6,112,3.65555,25,47,64.0,91.0,2024-06-28,4,2024-09-11,79.0,False,False,True,True,False,True,True,Mature,15
cine | duki,Cine 🚬 — Duki,Cine 🚬,Duki,duki,2025-11-03,2025-11-03,1,1,42,42.0,,61.0,61.0,True,album,15,142957.0,0,0,1,2.382616666666667,42,42,61.0,61.0,2025-11-03,0,2025-11-03,0.0,False,False,True,False,False,False,True,New Entry,1
classy 101 | feid,Classy 101 — Feid,Classy 101,Feid & Young Miko,feid,2024-05-18,2025-01-17,211,3,7,23.327014218009477,13.02898527258091,97.0,92.54285714285714,True,single,1,195986.0,16,140,245,3.2664333333333335,7,48,95.0,84.0,2024-05-18,0,2024-06-28,41.0,True,False,True,True,True,True,True,Mature,149
clavaito | chanel,Clavaito — Chanel,Clavaito,Chanel & Abraham Mateo,chanel,2024-05-18,2025-01-04,153,2,6,17.065359477124183,10.33878314292862,85.0,81.85620915032679,False,single,1,162740.0,54,126,232,2.7123333333333335,8,50,78.0,75.0,2024-06-02,15,2024-07-05,48.0,True,False,True,True,True,True,False,Mature,149
coco chanel | eladio carrion,Coco Chanel — Eladio Carrion,Coco Chanel,Eladio Carrion,eladio carrion,2024-05-18,2024-09-29,127,3,16,29.921259842519685,9.585543264209974,93.0,91.19685039370079,True,album,18,208125.0,0,53,135,3.46875,17,49,92.0,87.0,2024-05-24,6,2024-06-17,30.0,True,False,True,True,False,False,True,Mature,104
coco loco | maluma,COCO LOCO — Maluma,COCO LOCO,Maluma,maluma,2024-07-01,2024-11-26,113,3,9,22.36283185840708,12.436310565453267,88.0,78.88392857142857,False,album,25,166734.0,7,78,149,2.7789,50,49,83.0,74.0,2024-08-06,36,2024-07-24,23.0,False,False,True,True,True,False,False,Mature,105
cohete | shakira,Cohete — Shakira,Cohete,Shakira,shakira,2025-03-24,2025-03-30,6,1,21,41.333333333333336,10.65207335060488,75.0,72.6,False,album,17,172503.0,0,1,7,2.87505,21,48,,75.0,2025-03-24,0,2025-03-30,6.0,False,False,True,False,False,False,False,New Entry,6
colmillo | tainy,COLMILLO — Tainy,COLMILLO,Tainy,tainy,2024-10-19,2024-11-14,9,2,18,35.666666666666664,9.178779875342912,78.0,72.66666666666667,True,album,20,265999.0,0,1,27,4.433316666666666,44,33,64.0,78.0,2024-11-10,22,2024-11-11,23.0,False,False,True,True,False,False,True,Growth,4
columbia | quevedo,Columbia — Quevedo,Columbia,Quevedo,quevedo,2024-07-08,2025-11-02,463,3,1,19.578833693304535,15.147819451479474,97.0,89.28509719222463,False,single,1,186000.0,194,267,483,3.1,39,46,61.0,81.0,2024-07-09,1,2024-08-06,29.0,False,False,True,True,True,True,False,Peak,292
cometa halley | saiko,COMETA HALLEY — SAIKO,COMETA HALLEY,SAIKO,saiko,2025-04-28,2025-05-05,8,1,24,33.875,8.061150219239364,69.0,65.375,True,album,16,230549.0,0,1,8,3.8424833333333335,24,48,59.0,69.0,2025-04-28,0,2025-05-04,6.0,False,False,True,False,False,False,True,Decline,8
committed | rauw alejandro,Committed — Rauw Alejandro,Committed,Rauw Alejandro,rauw alejandro,2025-11-17,2025-11-17,1,1,29,29.0,,66.0,66.0,True,album,18,159344.0,0,0,1,2.6557333333333335,29,29,66.0,66.0,2025-11-17,0,2025-11-17,0.0,False,False,True,False,False,False,True,New Entry,1
como camaron | estopa,Como Camarón — Estopa,Como Camarón,Estopa,estopa,2024-11-29,2025-02-21,35,4,32,43.8,3.848605553428717,75.0,73.42857142857143,False,album,12,202026.0,0,0,85,3.3671,49,50,70.0,74.0,2025-01-03,35,2025-01-07,39.0,False,False,True,True,False,False,False,Decline,1
como suenan las estrellas | saiko,COMO SUENAN LAS ESTRELLAS — SAIKO,COMO SUENAN LAS ESTRELLAS,SAIKO,saiko,2025-04-28,2025-05-19,22,1,24,36.72727272727273,7.192468403239719,73.0,69.31818181818181,False,album,16,138677.0,0,2,22,2.3112833333333334,28,48,58.0,73.0,2025-04-30,2,2025-05-18,20.0,False,False,True,False,False,False,False,Decline,22
como te atreves | morat,Cómo Te Atreves — Morat,Cómo Te Atreves,Morat,morat,2025-03-02,2025-03-02,1,1,45,45.0,,78.0,78.0,False,album,12,240560.0,0,0,1,4.009333333333333,45,45,78.0,78.0,2025-03-02,0,2025-03-02,0.0,False,False,True,False,False,False,False,New Entry,1
competencia | myke towers,COMPETENCIA — Myke Towers,COMPETENCIA,Myke Towers,myke towers,2025-08-24,2025-08-25,2,1,19,34.0,21.213203435596427,61.0,61.0,True,album,20,190826.0,0,1,2,3.1804333333333332,19,49,,61.0,2025-08-24,0,2025-08-25,1.0,False,False,True,False,False,False,True,New Entry,2
comuna 3 | jc reyes,COMUNA 3 — JC Reyes,COMUNA 3,JC Reyes & The Rude Boyz,jc reyes,2025-05-16,2025-09-17,122,2,12,29.59016393442623,11.287200458385575,75.0,71.75409836065573,False,single,1,154128.0,0,49,125,2.5688,47,49,61.0,72.0,2025-06-05,20,2025-07-14,59.0,False,False,True,True,False,True,False,Mature,98
conexion | cano,Conexión — Cano,Conexión,Cano & JC Reyes,cano,2025-10-25,2025-11-14,16,2,27,41.375,8.114801291467343,63.0,53.125,False,album,10,188160.0,0,0,21,3.136,46,47,63.0,58.0,2025-10-27,2,2025-10-25,0.0,False,False,True,True,False,False,False,Decline,9
constelacion | duki,Constelación — Duki,Constelación,Duki & Lia Kali,duki,2025-11-01,2025-11-10,10,1,26,32.6,7.820201759261429,70.0,64.3,False,album,15,200631.0,0,0,10,3.34385,29,43,58.0,70.0,2025-11-03,2,2025-11-10,9.0,False,False,True,False,False,False,False,Decline,10
contigo | karol g,CONTIGO (with Tiësto) — KAROL G,CONTIGO (with Tiësto),KAROL G & Tiësto,karol g,2025-02-17,2025-03-24,35,1,13,26.114285714285714,11.258386230015459,90.0,88.0,False,single,1,192786.0,0,21,36,3.2131,19,50,73.0,90.0,2025-02-18,1,2025-03-01,12.0,False,False,True,False,False,True,False,Decline,35
copa vacia | shakira,Copa Vacía — Shakira,Copa Vacía,Shakira & Manuel Turizo,shakira,2024-07-02,2024-07-28,27,1,16,38.48148148148148,10.248340842716445,88.0,85.70370370370371,False,single,1,173547.0,0,3,27,2.89245,16,50,74.0,88.0,2024-07-02,0,2024-07-16,14.0,False,False,True,False,False,True,False,Decline,27
corazon roto pt 3 | brray,Corazón Roto pt. 3 — Brray,Corazón Roto pt. 3,Brray & Anuel AA & Chencho Corleone,brray,2024-09-13,2025-02-04,104,6,21,37.25,8.842472526864281,86.0,83.625,True,single,1,348400.0,0,18,145,5.806666666666667,35,50,70.0,84.0,2024-09-27,14,2024-10-19,36.0,False,False,True,True,False,True,True,Mature,78
corazon roto remix | brray,Corazón Roto - Remix — Brray,Corazón Roto - Remix,Brray & Jhayco & Ryan Castro,brray,2024-08-10,2024-09-13,33,2,26,36.84848484848485,6.389059066683898,87.0,86.72727272727273,True,single,1,275040.0,0,0,35,4.584,49,44,86.0,87.0,2024-09-09,30,2024-08-19,9.0,False,False,True,True,False,True,True,Growth,20
corazon vacio | maria becerra,CORAZÓN VACÍO — Maria Becerra,CORAZÓN VACÍO,Maria Becerra,maria becerra,2024-07-05,2024-10-13,101,1,19,37.0,7.993747556684536,90.0,88.58415841584159,False,single,1,160535.0,0,15,101,2.6755833333333334,40,44,85.0,87.0,2024-07-19,14,2024-07-19,14.0,False,False,True,False,False,True,False,Mature,101
corcega | mora,CÓRCEGA — Mora,CÓRCEGA,Mora,mora,2024-08-30,2024-09-02,4,1,17,36.75,14.72809107341025,74.0,72.0,True,album,15,189001.0,0,1,4,3.1500166666666667,17,48,,74.0,2024-08-30,0,2024-09-02,3.0,False,False,True,False,False,False,True,New Entry,4
corleone | saiko,CORLEONE — Saiko,CORLEONE,Saiko & Yandel,saiko,2024-12-17,2025-01-15,27,2,16,37.18518518518518,11.30363126486705,70.0,62.03703703703704,False,album,7,192000.0,0,5,30,3.2,32,49,64.0,69.0,2024-12-21,4,2024-12-23,6.0,False,False,True,True,False,False,False,Decline,21
cosa nuestra | rauw alejandro,Cosa Nuestra — Rauw Alejandro,Cosa Nuestra,Rauw Alejandro,rauw alejandro,2025-11-17,2025-11-18,2,1,16,30.0,19.79898987322333,70.0,68.5,True,album,18,260454.0,0,1,2,4.3409,16,44,67.0,70.0,2025-11-17,0,2025-11-18,1.0,False,False,True,False,False,False,True,New Entry,2
cosas pendientes | maluma,Cosas Pendientes — Maluma,Cosas Pendientes,Maluma,maluma,2025-11-24,2025-11-27,2,2,37,42.5,7.7781745930520225,73.0,68.5,False,single,1,184462.0,0,0,4,3.0743666666666667,48,37,64.0,73.0,2025-11-27,3,2025-11-27,3.0,False,True,False,True,False,True,False,New Entry,1
cosas que no te dije | saiko,COSAS QUE NO TE DIJE — Saiko,COSAS QUE NO TE DIJE,Saiko,saiko,2024-08-16,2025-04-27,253,1,7,21.66403162055336,10.857745879615056,84.0,81.09486166007905,False,single,1,224725.0,36,172,255,3.745416666666667,42,44,72.0,81.0,2024-12-12,118,2025-01-08,145.0,False,False,True,False,True,True,False,Mature,253
cosmeticos | myke towers,COSMETICOS — Myke Towers,COSMETICOS,Myke Towers,myke towers,2024-11-25,2024-11-29,2,2,33,40.5,10.606601717798213,70.0,70.0,True,album,23,141862.0,0,0,5,2.3643666666666667,33,48,,70.0,2024-11-25,0,2024-11-29,4.0,False,False,True,True,False,False,True,New Entry,1
cruel summer | taylor swift,Cruel Summer — Taylor Swift,Cruel Summer,Taylor Swift,taylor swift,2025-06-01,2025-06-01,1,1,39,39.0,,94.0,94.0,False,album,18,178426.0,0,0,1,2.9737666666666667,39,39,94.0,94.0,2025-06-01,0,2025-06-01,0.0,False,False,True,False,False,False,False,New Entry,1
crush | sky rompiendo,CRUSH — Sky Rompiendo,CRUSH,Sky Rompiendo & Dei V,sky rompiendo,2025-04-07,2025-08-23,137,1,15,28.496350364963504,9.834007686109443,78.0,75.75912408759125,False,single,1,233333.0,0,60,139,3.8888833333333332,47,45,74.0,75.0,2025-04-27,20,2025-04-22,15.0,False,False,True,False,False,True,False,Mature,137
cuando te vi crossover 5 | big one,Cuando Te Vi | CROSSOVER #5 — Big One,Cuando Te Vi | CROSSOVER #5,Big One & Maria Becerra & Trueno,big one,2025-07-05,2025-10-28,114,1,11,26.44736842105263,11.76020897507357,83.0,78.3157894736842,True,single,1,218400.0,0,68,116,3.64,43,49,74.0,80.0,2025-08-14,40,2025-09-02,59.0,False,False,True,False,False,True,True,Mature,114
cupido | engel montaz,Cupido — Engel Montaz,Cupido,Engel Montaz & Kuv507 & Latinnites Music,engel montaz,2025-04-18,2025-06-05,15,4,22,37.06666666666667,8.26754987601411,77.0,76.46666666666667,False,single,1,215000.0,0,1,49,3.5833333333333335,50,44,76.0,75.0,2025-04-23,5,2025-04-22,4.0,False,False,True,True,False,True,False,Decline,10
cupido | tini,Cupido — TINI,Cupido,TINI,tini,2024-05-18,2024-09-12,105,2,17,33.41904761904762,9.234947161963037,84.0,83.48571428571428,False,album,14,174369.0,0,24,118,2.90615,19,49,84.0,81.0,2024-05-19,1,2024-05-18,0.0,True,False,True,True,False,False,False,Mature,104
curame | rauw alejandro,Cúrame — Rauw Alejandro,Cúrame,Rauw Alejandro,rauw alejandro,2025-08-01,2025-08-16,15,1,41,44.53333333333333,1.9223002094465087,84.0,83.13333333333334,True,album,14,164705.0,0,0,16,2.7450833333333335,46,45,82.0,84.0,2025-08-10,9,2025-08-14,13.0,False,False,True,False,False,False,True,Mature,15
cybertruck | bad bunny,CYBERTRUCK — Bad Bunny,CYBERTRUCK,Bad Bunny,bad bunny,2024-10-14,2024-10-21,8,1,8,26.5,14.832396974191326,87.0,84.28571428571429,True,album,22,191959.0,2,5,8,3.199316666666667,8,48,,87.0,2024-10-14,0,2024-10-19,5.0,False,False,True,False,True,False,True,Decline,8
darari | aitana,Dararí — Aitana,Dararí,Aitana,aitana,2024-09-24,2024-09-29,6,1,13,27.5,16.416455159382004,70.0,62.166666666666664,False,album,15,170346.0,0,3,6,2.8391,13,48,40.0,70.0,2024-09-24,0,2024-09-29,5.0,False,False,True,False,False,False,False,New Entry,6
de plastilina | lola indigo,DE PLASTILINA — Lola Indigo,DE PLASTILINA,Lola Indigo & Pepe y Vizio,lola indigo,2024-10-21,2024-10-22,2,1,40,45.0,7.0710678118654755,32.0,32.0,False,single,1,209533.0,0,0,2,3.4922166666666667,40,50,,32.0,2024-10-21,0,2024-10-22,1.0,False,False,True,False,False,True,False,New Entry,2
degenere | myke towers,DEGENERE 👑 (feat. benny blanco) — Myke Towers,DEGENERE 👑 (feat. benny blanco),Myke Towers,myke towers,2025-10-20,2025-11-27,39,1,1,3.128205128205128,3.812579505155388,84.0,77.8974358974359,True,album,30,130880.0,38,39,39,2.1813333333333333,9,10,58.0,84.0,2025-10-25,5,2025-11-21,32.0,False,True,False,False,True,False,True,Peak,39
dejame entrar | rauw alejandro,Déjame Entrar — Rauw Alejandro,Déjame Entrar,Rauw Alejandro,rauw alejandro,2025-07-25,2025-11-23,9,3,17,37.666666666666664,10.805091392487155,75.0,72.0,True,album,18,254705.0,0,1,122,4.2450833333333335,47,47,73.0,75.0,2025-11-17,115,2025-07-27,2.0,False,False,True,True,False,False,True,Decline,1
demo 5 nostalgia spanglish version | flowgpt,DEMO #5: nostalgIA - Spanglish Version — FlowGPT,DEMO #5: nostalgIA - Spanglish Version,FlowGPT,flowgpt,2024-11-08,2024-11-09,2,1,12,16.0,5.656854249492381,45.0,42.0,True,single,1,220405.0,0,2,2,3.6734166666666668,20,12,39.0,45.0,2024-11-09,1,2024-11-09,1.0,False,False,True,False,False,True,True,New Entry,2
deportivo | blessd,DEPORTIVO — Blessd,DEPORTIVO,Blessd & Anuel AA,blessd,2025-11-16,2025-11-23,4,2,35,43.5,7.68114574786861,73.0,68.5,True,single,1,218701.0,0,0,8,3.645016666666667,50,35,58.0,73.0,2025-11-23,7,2025-11-23,7.0,False,False,True,True,False,True,True,New Entry,1
desataaa | ovy on the drums,DESATAAA — Ovy On The Drums,DESATAAA,Ovy On The Drums & Myke Towers & SAIKO,ovy on the drums,2025-03-17,2025-07-09,113,2,6,28.876106194690266,10.789489547838107,78.0,74.53097345132744,True,single,1,197383.0,8,29,115,3.2897166666666666,9,50,60.0,73.0,2025-03-21,4,2025-04-13,27.0,False,False,True,True,True,True,True,Decline,111
despecha | rosalia,DESPECHÁ — ROSALÍA,DESPECHÁ,ROSALÍA,rosalia,2024-05-22,2025-01-02,51,9,39,47.01960784313726,2.9899176983885805,86.0,84.54901960784314,False,album,24,156787.0,0,0,226,2.6131166666666665,43,49,84.0,78.0,2024-06-12,21,2024-07-10,49.0,False,False,True,True,False,False,False,Mature,3
despues de la 1 | cris mj,Después De La 1 — Cris Mj,Después De La 1,Cris Mj & FloyyMenor,cris mj,2025-09-19,2025-11-23,63,4,11,26.650793650793652,11.23238223398232,87.0,85.55555555555556,True,single,2,177600.0,0,32,66,2.96,41,43,77.0,86.0,2025-09-27,8,2025-10-12,23.0,False,False,True,True,False,True,True,Decline,59
desquite | feid,DESQUITE — Feid,DESQUITE,Feid,feid,2024-12-02,2024-12-02,1,1,39,39.0,,,,False,album,10,133546.0,0,0,1,2.2257666666666664,39,39,,,2024-12-02,0,,,False,False,True,False,False,False,False,New Entry,1
detras del dj | rels b,Detrás del DJ — Rels B,Detrás del DJ,Rels B,rels b,2025-04-28,2025-04-28,1,1,39,39.0,,66.0,66.0,True,album,13,119354.0,0,0,1,1.9892333333333334,39,39,66.0,66.0,2025-04-28,0,2025-04-28,0.0,False,False,True,False,False,False,True,New Entry,1
diabla | los diozes,DIABLA — Los Diozes,DIABLA,Los Diozes,los diozes,2025-10-27,2025-11-20,25,1,17,29.56,9.832259828408388,70.0,67.48,True,album,8,217945.0,0,9,25,3.632416666666667,50,49,62.0,70.0,2025-11-03,7,2025-11-14,18.0,False,False,True,False,False,False,True,Decline,25
diablita | myke towers,DIABLITA (feat. YOVNGCHIMI) — Myke Towers,DIABLITA (feat. YOVNGCHIMI),Myke Towers,myke towers,2025-08-24,2025-09-04,9,2,34,41.55555555555556,3.940530139178965,70.0,67.75,True,album,20,185960.0,0,0,12,3.0993333333333335,34,49,,70.0,2025-08-24,0,2025-09-03,10.0,False,False,True,True,False,False,True,Decline,1
diabolica | cris mj,Diabólica — Cris Mj,Diabólica,Cris Mj,cris mj,2025-03-13,2025-08-19,156,1,14,30.28846153846154,10.3362872322173,80.0,76.90384615384616,True,album,17,192000.0,0,65,160,3.2,50,48,70.0,77.0,2025-03-23,10,2025-04-17,35.0,False,False,True,False,False,False,True,Mature,156
diamonds | mora,DIAMONDS — Mora,DIAMONDS,Mora,mora,2024-08-30,2024-09-02,4,1,18,34.75,12.971121771072847,74.0,71.66666666666667,True,album,15,193367.0,0,1,4,3.2227833333333336,18,45,,74.0,2024-08-30,0,2024-09-02,3.0,False,False,True,False,False,False,True,New Entry,4
dicelo | lianet rivero,Dicelo — Lianet Rivero,Dicelo,Lianet Rivero & Lia & Gatillo,lianet rivero,2024-10-20,2024-10-23,4,1,24,28.25,3.304037933599835,66.0,58.0,False,single,1,153563.0,0,1,4,2.5593833333333333,29,32,52.0,66.0,2024-10-21,1,2024-10-23,3.0,False,False,True,False,False,True,False,New Entry,4
die with a smile | lady gaga,Die With A Smile — Lady Gaga,Die With A Smile,Lady Gaga & Bruno Mars,lady gaga,2025-08-31,2025-11-23,48,8,29,40.854166666666664,6.493825490690835,100.0,99.77083333333333,False,single,1,251667.0,0,0,85,4.19445,50,37,94.0,100.0,2025-11-15,76,2025-09-24,24.0,False,False,True,True,False,True,False,Mature,1
diluvio | rauw alejandro,DILUVIO — Rauw Alejandro,DILUVIO,Rauw Alejandro,rauw alejandro,2024-10-21,2025-10-14,188,2,3,18.76595744680851,11.995476448567025,91.0,88.24468085106383,True,album,14,197052.0,70,123,359,3.2842,29,49,77.0,81.0,2024-11-16,26,2024-12-14,54.0,False,False,True,True,True,False,True,Mature,187
dinero y fama | myke towers,DINERO y FAMA (feat. Omar Montes) — Myke Towers,DINERO y FAMA (feat. Omar Montes),Myke Towers,myke towers,2025-08-24,2025-08-24,1,1,40,40.0,,,,True,album,20,215946.0,0,0,1,3.5991,40,40,,,2025-08-24,0,,,False,False,True,False,False,False,True,New Entry,1
dios 1 | cruz cafune,Dios #1 — Cruz Cafuné,Dios #1,Cruz Cafuné,cruz cafune,2024-05-28,2024-05-28,1,1,43,43.0,,56.0,56.0,True,album,23,200125.0,0,0,1,3.3354166666666667,43,43,56.0,56.0,2024-05-28,0,2024-05-28,0.0,False,False,True,False,False,False,True,New Entry,1
do it 4 th gram | cruz cafune,do it 4 th€ gram — Cruz Cafuné,do it 4 th€ gram,Cruz Cafuné,cruz cafune,2025-07-21,2025-07-21,1,1,34,34.0,,54.0,54.0,True,single,6,150582.0,0,0,1,2.5097,34,34,54.0,54.0,2025-07-21,0,2025-07-21,0.0,False,False,True,False,False,True,True,New Entry,1
doblexxo | j balvin,Doblexxó — J Balvin,Doblexxó,J Balvin,j balvin,2025-08-10,2025-08-23,12,2,33,43.166666666666664,5.149286505444373,74.0,69.54545454545455,True,album,15,176720.0,0,0,14,2.945333333333333,33,46,,74.0,2025-08-10,0,2025-08-23,13.0,False,False,True,True,False,False,True,Decline,2
don t lie | duki,don't liE — Duki,don't liE,Duki,duki,2024-06-25,2024-06-29,5,1,44,48.0,2.3452078799117144,75.0,71.8,False,album,14,213892.0,0,0,5,3.5648666666666666,49,50,67.0,75.0,2024-06-28,3,2024-06-29,4.0,False,False,True,False,False,False,False,New Entry,5
donde se aprende a querer | mora,DONDE SE APRENDE A QUERER? — Mora,DONDE SE APRENDE A QUERER?,Mora,mora,2024-08-30,2025-02-17,152,7,3,31.19736842105263,12.452845880053829,88.0,85.09271523178808,False,album,15,144427.0,11,44,172,2.4071166666666666,3,50,,83.0,2024-08-30,0,2024-10-16,47.0,False,False,True,True,True,False,False,Decline,117
dubai | trueno,DUBAI — Trueno,DUBAI,Trueno & Beny Jr,trueno,2024-06-15,2024-06-22,8,1,47,49.0,1.1952286093343936,77.0,75.75,False,single,1,146000.0,0,0,8,2.433333333333333,50,50,75.0,77.0,2024-06-17,2,2024-06-22,7.0,False,False,True,False,False,True,False,Mature,8
duro de verdad pt 2 | los sufridos,Duro De Verdad pt.2 — Los Sufridos,Duro De Verdad pt.2,Los Sufridos,los sufridos,2025-09-20,2025-11-27,69,1,1,6.9855072463768115,7.001035120153532,77.0,74.68115942028986,False,single,1,204303.0,58,66,69,3.40505,39,27,55.0,76.0,2025-09-27,7,2025-10-14,24.0,False,True,False,False,True,True,False,Peak,69
duro | quevedo,DURO — Quevedo,DURO,Quevedo,quevedo,2025-11-02,2025-11-27,26,1,1,11.384615384615385,8.304586313968555,76.0,72.5,False,single,1,162204.0,12,24,26,2.7034,1,13,66.0,67.0,2025-11-02,0,2025-11-14,12.0,False,True,False,False,True,True,False,Decline,26
el chacal | mora,EL CHACAL — Mora,EL CHACAL,Mora,mora,2024-08-30,2024-09-02,4,1,10,19.75,7.762087348130012,76.0,73.66666666666667,True,album,15,197787.0,1,2,4,3.29645,10,26,,76.0,2024-08-30,0,2024-09-02,3.0,False,False,True,False,True,False,True,New Entry,4
el cielo | sky rompiendo,El Cielo — Sky Rompiendo,El Cielo,Sky Rompiendo & Feid & Myke Towers,sky rompiendo,2024-06-04,2025-03-09,271,5,2,26.346863468634687,14.580224409433429,94.0,87.97416974169742,True,single,1,191320.0,57,123,279,3.1886666666666668,10,50,71.0,84.0,2024-06-10,6,2024-07-11,37.0,False,False,True,True,True,True,True,Mature,204
el condenao | lola indigo,EL CONDENAO — Lola Indigo,EL CONDENAO,Lola Indigo,lola indigo,2024-12-17,2025-01-04,12,4,35,44.583333333333336,5.053501636279421,64.0,60.333333333333336,False,album,7,144829.0,0,0,19,2.4138166666666665,49,49,53.0,64.0,2024-12-22,5,2025-01-04,18.0,False,False,True,True,False,False,False,Decline,2
el conjuntito | el bobe,El Conjuntito — El Bobe,El Conjuntito,El Bobe & Omar Montes,el bobe,2025-03-24,2025-09-23,180,2,1,17.294444444444444,14.056429460814028,81.0,75.63888888888889,False,single,1,158711.0,84,129,184,2.645183333333333,32,50,28.0,73.0,2025-04-09,16,2025-04-21,28.0,False,False,True,True,True,True,False,Peak,179
el destello | juanjo bona,El Destello — Juanjo Bona,El Destello,Juanjo Bona & Martin Urrutia,juanjo bona,2025-10-06,2025-10-06,1,1,36,36.0,,57.0,57.0,False,single,1,160684.0,0,0,1,2.6780666666666666,36,36,57.0,57.0,2025-10-06,0,2025-10-06,0.0,False,False,True,False,False,True,False,New Entry,1
el estribillo | quevedo,EL ESTRIBILLO — Quevedo,EL ESTRIBILLO,Quevedo,quevedo,2025-11-24,2025-11-27,4,1,16,24.75,5.909032633745279,67.0,64.25,False,album,18,161444.0,0,1,4,2.690733333333333,16,29,61.0,67.0,2025-11-24,0,2025-11-27,3.0,False,True,False,False,False,False,False,New Entry,4
el fin del mundo | la la love you,El Fin del Mundo — La La Love You,El Fin del Mundo,La La Love You,la la love you,2025-06-03,2025-11-23,98,14,37,46.42857142857143,3.321284064191369,70.0,68.01020408163265,False,album,18,188093.0,0,0,174,3.1348833333333332,48,48,69.0,68.0,2025-08-25,83,2025-09-09,98.0,False,False,True,True,False,False,False,Mature,18
el jefe | shakira,El Jefe — Shakira,El Jefe,Shakira & Fuerza Regida,shakira,2024-09-24,2024-10-03,10,1,31,39.3,5.677440737985146,85.0,80.8,True,single,1,170297.0,0,0,10,2.8382833333333335,35,48,70.0,85.0,2024-09-27,3,2024-10-02,8.0,False,False,True,False,False,True,True,Decline,10
el malo | eladio carrion,El Malo — Eladio Carrion,El Malo,Eladio Carrion,eladio carrion,2025-01-21,2025-02-17,27,2,20,34.44444444444444,9.365786070477412,81.0,77.85185185185185,False,album,17,209655.0,0,8,28,3.49425,24,39,67.0,81.0,2025-01-25,4,2025-02-13,23.0,False,False,True,True,False,False,False,Decline,21
el mambo | kiko rivera,El Mambo — Kiko Rivera,El Mambo,Kiko Rivera,kiko rivera,2024-10-04,2025-03-01,145,2,2,24.427586206896553,14.0568018468256,83.0,78.1655172413793,False,single,1,129845.0,38,73,149,2.164083333333333,39,48,57.0,76.0,2024-10-13,9,2024-11-06,33.0,False,False,True,True,True,True,False,Decline,141
el merengue | marshmello,El Merengue — Marshmello,El Merengue,Marshmello & Manuel Turizo,marshmello,2024-05-18,2025-11-18,487,13,5,28.28336755646817,13.421229979053056,92.0,82.30390143737166,False,album,11,189668.0,87,181,550,3.1611333333333334,5,46,91.0,80.0,2024-05-18,0,2024-06-15,28.0,True,False,True,True,True,False,False,Mature,221
el pantalon rumbas | omar montes,EL PANTALON - RUMBAS — Omar Montes,EL PANTALON - RUMBAS,Omar Montes,omar montes,2025-06-02,2025-09-12,101,1,2,23.455445544554454,13.198124679268071,72.0,67.9009900990099,False,album,11,193066.0,22,56,103,3.217766666666667,8,50,27.0,68.0,2025-06-16,14,2025-07-04,32.0,False,False,True,False,True,False,False,Decline,101
el patio | pepe y vizio,El Patio — Pepe y Vizio,El Patio,Pepe y Vizio & Delaossa & KIDDO,pepe y vizio,2025-02-22,2025-08-27,152,5,8,28.717105263157894,14.746160242454,78.0,73.92105263157895,False,single,1,232645.0,27,61,187,3.8774166666666665,47,49,70.0,71.0,2025-03-07,13,2025-04-17,54.0,False,False,True,True,True,True,False,Mature,146
el tonto | lola indigo,EL TONTO — Lola Indigo,EL TONTO,Lola Indigo,lola indigo,2024-05-18,2025-01-10,205,5,2,24.965853658536584,15.94456711449625,84.0,79.95121951219512,False,album,11,187986.0,37,128,238,3.1331,2,50,83.0,75.0,2024-05-18,0,2024-05-28,10.0,True,False,True,True,True,False,False,Mature,149
ella baila sola | eslabon armado,Ella Baila Sola — Eslabon Armado,Ella Baila Sola,Eslabon Armado,eslabon armado,2024-05-18,2024-08-09,84,1,9,24.571428571428573,10.476923251898038,94.0,92.26190476190476,False,album,16,165671.0,6,48,84,2.7611833333333333,23,48,89.0,90.0,2024-06-03,16,2024-06-28,41.0,True,False,True,False,True,False,False,Decline,84
empelotica | lenny tavarez,EMPELOTICA — Lenny Tavárez,EMPELOTICA,Lenny Tavárez & Feid,lenny tavarez,2025-02-25,2025-04-06,36,3,16,32.5,11.317495937075227,83.0,81.82857142857142,True,single,1,190322.0,0,12,41,3.1720333333333333,33,47,,83.0,2025-03-03,6,2025-03-17,20.0,False,False,True,True,False,True,True,Decline,1
emrata | myke towers,EMRATA — Myke Towers,EMRATA,Myke Towers,myke towers,2024-11-25,2024-11-25,1,1,46,46.0,,,,True,album,23,225507.0,0,0,1,3.75845,46,46,,,2024-11-25,0,,,False,False,True,False,False,False,True,New Entry,1
en to lao | haze,En To Lao — Haze,En To Lao,Haze & Jhayco,haze,2024-06-15,2024-07-01,11,3,45,48.27272727272727,1.4893561757289009,79.0,75.0909090909091,True,single,1,195033.0,0,0,17,3.25055,47,45,71.0,79.0,2024-07-01,16,2024-06-30,15.0,False,False,True,True,False,True,True,Mature,5
enamorate | nicki nicole,Enamórate — Nicki Nicole,Enamórate,Nicki Nicole & Bad Gyal,nicki nicole,2024-11-16,2024-12-01,15,2,31,37.666666666666664,5.702964976554696,76.0,70.46666666666667,False,single,1,147785.0,0,0,16,2.4630833333333335,38,46,49.0,76.0,2024-11-18,2,2024-12-01,15.0,False,False,True,True,False,True,False,Decline,1
eroticaaaaaaa | gonzy,EROTICAAAAAAA — Gonzy,EROTICAAAAAAA,Gonzy,gonzy,2025-10-13,2025-10-31,15,3,38,45.4,3.8692930325097574,62.0,58.13333333333333,True,album,18,169666.0,0,0,19,2.8277666666666668,49,44,47.0,62.0,2025-10-25,12,2025-10-30,17.0,False,False,True,True,False,False,True,Growth,1
es un secreto | plan b,Es un Secreto — Plan B,Es un Secreto,Plan B,plan b,2025-06-22,2025-07-04,13,1,37,41.53846153846154,3.710691413905331,84.0,82.3076923076923,False,album,15,192120.0,0,0,13,3.202,48,43,80.0,84.0,2025-06-30,8,2025-07-02,10.0,False,False,True,False,False,False,False,Growth,13
escriurem | chiara oliver,Escriurem — Chiara Oliver,Escriurem,Chiara Oliver & Martin Urrutia,chiara oliver,2025-01-25,2025-01-25,1,1,47,47.0,,56.0,56.0,False,single,1,189146.0,0,0,1,3.152433333333333,47,47,56.0,56.0,2025-01-25,0,2025-01-25,0.0,False,False,True,False,False,True,False,New Entry,1
eskeleto | saiko,ESKELETO — SAIKO,ESKELETO,SAIKO,saiko,2025-04-28,2025-10-23,113,4,11,36.15929203539823,10.594444612020396,75.0,71.96460176991151,True,album,16,279893.0,0,23,179,4.664883333333333,12,50,61.0,71.0,2025-05-02,4,2025-05-18,20.0,False,False,True,True,False,False,True,Decline,42
espectacular | sky rompiendo,Espectacular — Sky Rompiendo,Espectacular,Sky Rompiendo & Rauw Alejandro,sky rompiendo,2025-04-25,2025-04-27,2,2,49,49.5,0.7071067811865476,76.0,74.5,False,single,1,185739.0,0,0,3,3.09565,49,50,73.0,76.0,2025-04-25,0,2025-04-27,2.0,False,False,True,True,False,True,False,New Entry,1
espresso martini | rauw alejandro,Espresso Martini — Rauw Alejandro,Espresso Martini,Rauw Alejandro,rauw alejandro,2025-11-17,2025-11-21,5,1,21,35.2,9.284395510748128,74.0,71.2,True,album,18,191219.0,0,1,5,3.1869833333333335,21,47,67.0,74.0,2025-11-17,0,2025-11-21,4.0,False,False,True,False,False,False,True,New Entry,5
espresso | sabrina carpenter,Espresso — Sabrina Carpenter,Espresso,Sabrina Carpenter,sabrina carpenter,2025-06-09,2025-07-03,24,2,39,44.416666666666664,3.1473476295842,99.0,96.29166666666667,True,single,1,175459.0,0,0,25,2.9243166666666665,49,43,95.0,99.0,2025-06-28,19,2025-07-01,22.0,False,False,True,True,False,True,True,Decline,7
europapa | joost,Europapa — Joost,Europapa,Joost,joost,2025-05-14,2025-05-18,5,1,33,40.6,5.5497747702046425,86.0,84.2,False,single,2,160218.0,0,0,5,2.6703,40,46,82.0,86.0,2025-05-15,1,2025-05-18,4.0,False,False,True,False,False,True,False,New Entry,5
eva longoria | ozuna,Eva Longoria — Ozuna,Eva Longoria,Ozuna,ozuna,2024-08-12,2024-11-24,90,3,8,25.622222222222224,16.73291701587547,81.0,78.96666666666667,False,album,7,199850.0,24,54,105,3.3308333333333335,49,50,71.0,77.0,2024-08-29,17,2024-09-07,26.0,False,False,True,True,True,False,False,Mature,65
extasisssssss | saiko,Extasisssssss — Saiko,Extasisssssss,Saiko,saiko,2024-12-20,2025-01-31,43,1,18,33.93023255813954,6.950146791314517,75.0,66.53488372093024,False,album,7,116666.0,0,5,43,1.9444333333333332,37,49,57.0,75.0,2024-12-22,2,2025-01-24,35.0,False,False,True,False,False,False,False,Decline,43
falsos recuerdos | abraham mateo,Falsos Recuerdos — Abraham Mateo,Falsos Recuerdos,Abraham Mateo & Omar Montes,abraham mateo,2025-02-01,2025-02-25,24,2,32,40.916666666666664,6.8328914668024305,75.0,71.83333333333333,False,single,1,191414.0,0,0,25,3.1902333333333335,50,50,65.0,75.0,2025-02-08,7,2025-02-22,21.0,False,False,True,True,False,True,False,Decline,1
fantasias | mora,FANTASÍAS — Mora,FANTASÍAS,Mora,mora,2024-08-30,2024-09-04,6,1,9,26.666666666666668,17.81759430076537,78.0,76.0,True,album,15,191847.0,1,4,6,3.19745,9,50,,78.0,2024-08-30,0,2024-09-03,4.0,False,False,True,False,True,False,True,New Entry,6
fardos | jc reyes,FARDOS — JC Reyes,FARDOS,JC Reyes & De La Ghetto,jc reyes,2025-02-18,2025-07-30,160,1,1,14.8625,11.246515882568048,82.0,76.96875,False,single,1,183335.0,61,138,163,3.0555833333333333,14,50,59.0,74.0,2025-02-22,4,2025-04-15,56.0,False,False,True,False,True,True,False,Mature,160
fe cojones y paciencia | eladio carrion,"Fé, Cojones y Paciencia — Eladio Carrion","Fé, Cojones y Paciencia",Eladio Carrion,eladio carrion,2025-01-21,2025-01-21,1,1,38,38.0,,66.0,66.0,True,album,17,190243.0,0,0,1,3.170716666666667,38,38,66.0,66.0,2025-01-21,0,2025-01-21,0.0,False,False,True,False,False,False,True,New Entry,1
fecha intro extended | renzo pianciola,Fecha - Intro Extended — Renzo Pianciola,Fecha - Intro Extended,Renzo Pianciola,renzo pianciola,2025-04-19,2025-04-20,2,1,46,46.5,0.7071067811865476,15.0,15.0,False,single,1,189802.0,0,0,2,3.1633666666666667,47,46,,15.0,2025-04-20,1,2025-04-20,1.0,False,False,True,False,False,True,False,New Entry,2
fecha | feid,Fecha — Feid,Fecha,Feid & Yandel,feid,2025-04-14,2025-04-18,5,1,39,46.8,4.868264577855234,76.0,72.4,True,single,5,188600.0,0,0,5,3.1433333333333335,50,45,68.0,76.0,2025-04-17,3,2025-04-18,4.0,False,False,True,False,False,True,True,New Entry,5
feliz navidad | jose feliciano,Feliz Navidad — José Feliciano,Feliz Navidad,José Feliciano,jose feliciano,2024-12-25,2024-12-27,3,1,5,11.0,5.196152422706632,88.0,88.0,False,album,15,182066.0,1,3,3,3.0344333333333333,5,14,88.0,88.0,2024-12-25,0,2024-12-25,0.0,False,False,True,False,True,False,False,New Entry,3
feliz navidad | saiko,Feliz Navidad — Saiko,Feliz Navidad,Saiko,saiko,2024-12-19,2024-12-20,2,1,36,41.0,7.0710678118654755,58.0,56.5,False,single,3,218282.0,0,0,2,3.6380333333333335,36,46,55.0,58.0,2024-12-19,0,2024-12-20,1.0,False,False,True,False,False,True,False,New Entry,2
ferxxo 151 | feid,FERXXO 151 — Feid,FERXXO 151,Feid & ICON,feid,2024-08-26,2024-11-06,55,2,9,36.21818181818182,10.014232296329483,83.0,77.40384615384616,False,single,1,195653.0,1,8,73,3.260883333333333,9,50,,73.0,2024-08-26,0,2024-09-10,15.0,False,False,True,True,True,True,False,Decline,49
ferxxo 30 | feid,FERXXO 30 — Feid,FERXXO 30,Feid,feid,2024-10-07,2024-10-13,2,2,32,41.0,12.727922061357855,76.0,76.0,False,album,16,173760.0,0,0,7,2.896,32,50,,76.0,2024-10-07,0,2024-10-13,6.0,False,False,True,True,False,False,False,New Entry,1
ferxxo edition | feid,FERXXO EDITION — Feid,FERXXO EDITION,Feid,feid,2024-09-30,2024-10-01,2,1,43,43.0,0.0,,,False,album,15,161746.0,0,0,2,2.6957666666666666,43,43,,,2024-09-30,0,,,False,False,True,False,False,False,False,New Entry,2
figo | dellafuente,Figo — DELLAFUENTE,Figo,DELLAFUENTE & Morad,dellafuente,2024-12-02,2024-12-02,1,1,44,44.0,,,,False,single,6,184565.0,0,0,1,3.0760833333333335,44,44,,,2024-12-02,0,,,False,False,True,False,False,True,False,New Entry,1
fina | bad bunny,FINA — Bad Bunny,FINA,Bad Bunny,bad bunny,2024-10-14,2024-11-18,36,1,4,25.72222222222222,14.223945828096891,93.0,91.54285714285714,True,album,22,216327.0,5,20,36,3.60545,4,49,,92.0,2024-10-14,0,2024-10-27,13.0,False,False,True,False,True,False,True,Decline,36
finales de agosto | saiko,FINALES DE AGOSTO — SAIKO,FINALES DE AGOSTO,SAIKO,saiko,2025-04-28,2025-04-29,2,1,40,42.5,3.5355339059327378,60.0,58.5,False,album,16,177034.0,0,0,2,2.9505666666666666,40,45,57.0,60.0,2025-04-28,0,2025-04-29,1.0,False,False,True,False,False,False,False,New Entry,2
flow violento remix | yosoyplex,Flow Violento - Remix — YoSoyPlex,Flow Violento - Remix,YoSoyPlex & Ruven,yosoyplex,2024-05-30,2024-06-20,8,3,46,47.875,1.4577379737113252,76.0,75.375,True,single,1,166533.0,0,0,22,2.77555,47,46,75.0,76.0,2024-06-06,7,2024-06-09,10.0,False,False,True,True,False,True,True,Mature,1
flowers | miley cyrus,Flowers — Miley Cyrus,Flowers,Miley Cyrus,miley cyrus,2024-05-18,2024-06-06,18,2,44,46.55555555555556,1.7225911474978355,91.0,91.0,False,album,13,200600.0,0,0,20,3.3433333333333333,48,50,91.0,91.0,2024-05-19,1,2024-05-18,0.0,True,False,True,True,False,False,False,Mature,17
flowhot | the academy: segunda mision,"FLOWHOT (feat. Arcángel, De La Ghetto, Randy) — The Academy: Segunda Misión","FLOWHOT (feat. Arcángel, De La Ghetto, Randy)",The Academy: Segunda Misión & Sech & Dalex,the academy: segunda mision,2025-03-31,2025-03-31,1,1,32,32.0,,53.0,53.0,True,album,9,233099.0,0,0,1,3.8849833333333335,32,32,53.0,53.0,2025-03-31,0,2025-03-31,0.0,False,False,True,False,False,False,True,New Entry,1
fortnight | taylor swift,Fortnight (feat. Post Malone) — Taylor Swift,Fortnight (feat. Post Malone),Taylor Swift,taylor swift,2025-04-21,2025-04-30,9,2,24,33.666666666666664,9.273618495495704,94.0,89.77777777777777,False,album,16,228965.0,0,2,10,3.8160833333333333,38,46,85.0,94.0,2025-04-24,3,2025-04-30,9.0,False,False,True,True,False,False,False,Decline,8
fosforito | dellafuente,Fosforito — DELLAFUENTE,Fosforito,DELLAFUENTE,dellafuente,2025-06-16,2025-06-16,1,1,46,46.0,,29.0,29.0,False,album,10,178782.0,0,0,1,2.9797,46,46,29.0,29.0,2025-06-16,0,2025-06-16,0.0,False,False,True,False,False,False,False,New Entry,1
friki | gonzy,FRIKI — Gonzy,FRIKI,Gonzy,gonzy,2025-05-10,2025-11-26,198,2,8,18.328282828282827,7.5688587261927465,77.0,71.31818181818181,True,single,1,189066.0,29,173,201,3.1511,49,49,69.0,66.0,2025-06-26,47,2025-07-13,64.0,False,False,True,True,True,True,True,Mature,197
frio | myke towers,FRÍO — Myke Towers,FRÍO,Myke Towers,myke towers,2025-08-24,2025-08-24,1,1,36,36.0,,,,True,album,20,160373.0,0,0,1,2.6728833333333335,36,36,,,2025-08-24,0,,,False,False,True,False,False,False,True,New Entry,1
fruto | bizarrap,Fruto — Bizarrap,Fruto,Bizarrap & Milo j,bizarrap,2024-10-07,2024-11-11,36,1,12,26.52777777777778,8.977706073892502,91.0,87.30555555555556,False,single,5,132294.0,0,22,36,2.2049,25,50,68.0,91.0,2024-10-12,5,2024-10-27,20.0,False,False,True,False,False,True,False,Decline,36
g wa | zheus,G-WA — ZHEUS,G-WA,ZHEUS,zheus,2025-11-21,2025-11-27,5,3,39,42.8,4.08656334834051,63.0,60.0,True,single,1,116107.0,0,0,7,1.9351166666666666,48,39,57.0,63.0,2025-11-23,2,2025-11-27,6.0,False,True,False,True,False,True,True,New Entry,3
gangster pqfnedg | ovy on the drums,GANGSTER (PQFNEDG) — Ovy On The Drums,GANGSTER (PQFNEDG),Ovy On The Drums & Quevedo & Yandel,ovy on the drums,2024-10-21,2024-11-01,12,1,15,34.833333333333336,11.134167996293973,78.0,71.36363636363636,True,single,1,215470.0,0,2,12,3.5911666666666666,15,46,,78.0,2024-10-21,0,2024-10-31,10.0,False,False,True,False,False,True,True,Decline,12
gangsters y pistolas | feid,GANGSTERS Y PISTOLAS — Feid,GANGSTERS Y PISTOLAS,Feid,feid,2024-09-30,2024-10-01,2,1,25,25.0,0.0,,,False,album,15,170693.0,0,2,2,2.844883333333333,25,25,,,2024-09-30,0,,,False,False,True,False,False,False,False,New Entry,2
gata only mashup | dj agus lima,Gata Only (Mashup) — Dj Agus Lima,Gata Only (Mashup),Dj Agus Lima,dj agus lima,2025-05-09,2025-05-10,2,1,5,5.0,0.0,48.0,48.0,False,album,9,215400.0,2,2,2,3.59,5,5,,48.0,2025-05-09,0,2025-05-10,1.0,False,False,True,False,True,False,False,New Entry,2
gata only | floyymenor,Gata Only — FloyyMenor,Gata Only,FloyyMenor & Cris Mj,floyymenor,2025-02-24,2025-10-14,217,5,2,14.580645161290322,14.825659486561449,98.0,90.11981566820276,True,single,1,222000.0,131,164,233,3.7,41,50,87.0,79.0,2025-04-06,41,2025-04-20,55.0,False,False,True,True,True,True,True,Peak,72
gatita gangster | karol g,GATITA GANGSTER — KAROL G,GATITA GANGSTER,KAROL G,karol g,2024-09-13,2024-11-24,63,2,30,41.888888888888886,5.051703995846227,81.0,78.63492063492063,True,album,9,170920.0,0,0,73,2.8486666666666665,49,43,75.0,80.0,2024-10-12,29,2024-10-24,41.0,False,False,True,True,False,False,True,Mature,31
gatitas sandungueras vol 1 | alvaro diaz,GATITAS SANDUNGUERAS VOL.1 — Alvaro Diaz,GATITAS SANDUNGUERAS VOL.1,Alvaro Diaz,alvaro diaz,2025-05-19,2025-07-03,46,1,12,23.52173913043478,9.90788491933971,83.0,79.62222222222222,False,album,20,131853.0,0,28,46,2.19755,30,40,,83.0,2025-06-12,24,2025-06-29,41.0,False,False,True,False,False,False,False,Decline,46
gitana | pablo chill-e,Gitana (feat. Bryartz) — Pablo Chill-E,Gitana (feat. Bryartz),Pablo Chill-E,pablo chill-e,2025-05-03,2025-06-17,45,2,15,27.466666666666665,10.062531761666417,83.0,80.77777777777777,True,album,8,221714.0,0,24,46,3.6952333333333334,50,47,77.0,77.0,2025-05-17,14,2025-05-21,18.0,False,False,True,True,False,False,True,Decline,44
goteras | omar montes,Goteras — Omar Montes,Goteras,Omar Montes & JC Reyes,omar montes,2025-06-30,2025-11-23,145,1,1,12.8,12.240983075989718,81.0,76.66896551724138,False,single,1,216450.0,86,120,147,3.6075,7,46,57.0,72.0,2025-07-08,8,2025-08-02,33.0,False,False,True,False,True,True,False,Peak,145
gracias por nada | bad bunny,GRACIAS POR NADA — Bad Bunny,GRACIAS POR NADA,Bad Bunny,bad bunny,2024-10-14,2024-10-20,7,1,11,28.428571428571427,14.31615803741985,86.0,82.83333333333333,True,album,22,177450.0,0,2,7,2.9575,11,47,,86.0,2024-10-14,0,2024-10-19,5.0,False,False,True,False,False,False,True,New Entry,7
gran dia | mau y ricky,Gran Día — Mau y Ricky,Gran Día,Mau y Ricky & Guaynaa,mau y ricky,2025-05-16,2025-06-01,13,3,17,37.92307692307692,10.602370320369708,72.0,67.84615384615384,False,single,1,193840.0,0,2,17,3.2306666666666666,48,21,60.0,72.0,2025-05-31,15,2025-05-31,15.0,False,False,True,True,False,True,False,Growth,3
gran via | quevedo,GRAN VÍA — Quevedo,GRAN VÍA,Quevedo,quevedo,2025-11-24,2025-11-27,4,1,1,1.0,0.0,72.0,69.5,False,album,18,213528.0,4,4,4,3.5588,1,1,66.0,72.0,2025-11-24,0,2025-11-27,3.0,False,True,False,False,True,False,False,New Entry,4
guay | ozuna,Guay — Ozuna,Guay,Ozuna & Bad Gyal,ozuna,2025-04-21,2025-07-20,90,1,7,21.57777777777778,9.939115527960839,79.0,76.03333333333333,False,single,1,210788.0,18,62,91,3.513133333333333,22,47,64.0,77.0,2025-04-27,6,2025-05-18,27.0,False,False,True,False,True,True,False,Decline,90
hablame claro | yandel,Hablame Claro — Yandel,Hablame Claro,Yandel & Feid,yandel,2025-09-16,2025-10-13,28,1,5,24.464285714285715,15.346569511366235,84.0,79.85714285714286,True,single,1,154969.0,9,12,28,2.5828166666666665,37,47,70.0,45.0,2025-09-25,9,2025-09-29,13.0,False,False,True,False,True,True,True,Decline,28
hala madrid y nada mas | real madrid,Hala Madrid ...y nada más — Real Madrid,Hala Madrid ...y nada más,Real Madrid,real madrid,2025-06-03,2025-06-03,1,1,43,43.0,,60.0,60.0,False,single,1,177000.0,0,0,1,2.95,43,43,60.0,60.0,2025-06-03,0,2025-06-03,0.0,False,False,True,False,False,True,False,New Entry,1
halo | quevedo,HALO — Quevedo,HALO,Quevedo,quevedo,2025-11-24,2025-11-27,4,1,7,7.5,0.5773502691896257,69.0,66.5,False,album,18,181261.0,4,4,4,3.0210166666666667,7,8,63.0,69.0,2025-11-24,0,2025-11-27,3.0,False,True,False,False,True,False,False,New Entry,4
hardaway | duki,Hardaway — Duki,Hardaway,Duki,duki,2025-11-03,2025-11-03,1,1,35,35.0,,62.0,62.0,True,album,15,216432.0,0,0,1,3.6072,35,35,62.0,62.0,2025-11-03,0,2025-11-03,0.0,False,False,True,False,False,False,True,New Entry,1
hasta olvidarte | mau y ricky,Hasta Olvidarte — Mau y Ricky,Hasta Olvidarte,Mau y Ricky,mau y ricky,2025-06-03,2025-06-08,6,1,23,29.166666666666668,4.070217029430577,71.0,68.83333333333333,False,album,15,188862.0,0,1,6,3.1477,30,34,60.0,71.0,2025-06-04,1,2025-06-05,2.0,False,False,True,False,False,False,False,New Entry,6
hay lupita | lomiiel,HAY LUPITA — Lomiiel,HAY LUPITA,Lomiiel,lomiiel,2025-07-12,2025-10-29,103,3,2,17.776699029126213,15.59595978277013,85.0,83.11650485436893,False,single,1,105836.0,55,68,110,1.7639333333333334,32,47,77.0,80.0,2025-08-04,23,2025-08-11,30.0,False,False,True,True,True,True,False,Peak,99
hay lupita | megan koffe,Hay Lupita — Megan Koffe,Hay Lupita,Megan Koffe,megan koffe,2025-06-28,2025-07-10,13,1,30,35.07692307692308,4.251696493980146,64.0,60.69230769230769,True,single,1,108855.0,0,0,13,1.81425,43,32,55.0,64.0,2025-07-08,10,2025-07-10,12.0,False,False,True,False,False,True,True,Decline,13
haz lo que quieras conmigo | walls,haz lo que quieras conmigo — Walls,haz lo que quieras conmigo,Walls,walls,2025-09-22,2025-10-19,20,3,33,44.15,4.648429276308516,68.0,65.8,False,single,1,208603.0,0,0,28,3.4767166666666665,33,47,53.0,68.0,2025-09-22,0,2025-10-13,21.0,False,False,True,True,False,True,False,Mature,1
headshot | anuel aa,Headshot — Anuel AA,Headshot,Anuel AA,anuel aa,2025-09-22,2025-09-22,1,1,29,29.0,,61.0,61.0,True,single,1,409259.0,0,0,1,6.820983333333333,29,29,61.0,61.0,2025-09-22,0,2025-09-22,0.0,False,False,True,False,False,True,True,New Entry,1
heavy is the crown | linkin park,Heavy Is the Crown — Linkin Park,Heavy Is the Crown,Linkin Park,linkin park,2025-09-27,2025-09-27,1,1,49,49.0,,78.0,78.0,False,single,2,167012.0,0,0,1,2.783533333333333,49,49,78.0,78.0,2025-09-27,0,2025-09-27,0.0,False,False,True,False,False,True,False,New Entry,1
heavyweight | eladio carrion,Heavyweight — Eladio Carrion,Heavyweight,Eladio Carrion,eladio carrion,2025-05-04,2025-05-04,1,1,49,49.0,,62.0,62.0,True,single,5,164776.0,0,0,1,2.7462666666666666,49,49,62.0,62.0,2025-05-04,0,2025-05-04,0.0,False,False,True,False,False,True,True,New Entry,1
hermosa casualidad | sen senra,Hermosa Casualidad — Sen Senra,Hermosa Casualidad,Sen Senra & Aitana,sen senra,2025-06-02,2025-06-09,6,2,39,43.666666666666664,4.412104562073147,61.0,55.833333333333336,False,single,1,205779.0,0,0,8,3.42965,43,50,34.0,61.0,2025-06-06,4,2025-06-09,7.0,False,False,True,True,False,True,False,New Entry,1
hey bb | saiko,HEY BB — SAIKO,HEY BB,SAIKO,saiko,2025-04-28,2025-05-02,5,1,26,36.2,6.610597552415363,65.0,63.0,False,album,16,163701.0,0,0,5,2.72835,26,44,59.0,65.0,2025-04-28,0,2025-05-01,3.0,False,False,True,False,False,False,False,New Entry,5
hey lil mama | eladio carrion,Hey Lil Mama — Eladio Carrion,Hey Lil Mama,Eladio Carrion,eladio carrion,2025-01-21,2025-04-13,78,3,8,28.205128205128204,12.374417445932844,86.0,82.84615384615384,False,album,17,216338.0,7,37,83,3.6056333333333335,9,48,69.0,81.0,2025-01-25,4,2025-02-18,28.0,False,False,True,True,True,False,False,Decline,67
hey mor | ozuna,Hey Mor — Ozuna,Hey Mor,Ozuna,ozuna,2024-05-18,2024-09-12,97,3,30,40.01030927835052,5.516065259314579,92.0,90.79381443298969,False,album,18,196600.0,0,0,118,3.276666666666667,30,50,91.0,88.0,2024-05-18,0,2024-07-03,46.0,True,False,True,True,False,False,False,Mature,90
hibiki | bad bunny,HIBIKI — Bad Bunny,HIBIKI,Bad Bunny,bad bunny,2024-10-14,2024-12-01,49,1,2,21.6734693877551,14.909990715263765,92.0,90.125,True,album,22,208000.0,15,29,49,3.466666666666667,2,49,,89.0,2024-10-14,0,2024-10-27,13.0,False,False,True,False,True,False,True,Decline,49
historias por contar | operacion triunfo 2023,Historias Por Contar — Operación Triunfo 2023,Historias Por Contar,Operación Triunfo 2023,operacion triunfo 2023,2025-02-22,2025-02-24,3,1,28,39.0,11.0,57.0,57.0,False,single,1,192042.0,0,0,3,3.2007,28,50,57.0,57.0,2025-02-22,0,2025-02-22,0.0,False,False,True,False,False,True,False,New Entry,3
holanda | jhayco,Holanda — Jhayco,Holanda,Jhayco,jhayco,2024-08-04,2025-03-12,219,3,3,21.881278538812786,14.223786970741392,93.0,88.45205479452055,True,single,1,231693.0,61,138,221,3.86155,47,45,73.0,84.0,2024-08-16,12,2024-10-13,70.0,False,False,True,True,True,True,True,Mature,170
holly jolly christmas | michael buble,Holly Jolly Christmas — Michael Bublé,Holly Jolly Christmas,Michael Bublé,michael buble,2024-12-25,2024-12-27,3,1,24,38.0,12.12435565298214,83.0,83.0,False,album,16,119786.0,0,1,3,1.9964333333333333,24,45,83.0,83.0,2024-12-25,0,2024-12-25,0.0,False,False,True,False,False,False,False,New Entry,3
houdini | dua lipa,Houdini — Dua Lipa,Houdini,Dua Lipa,dua lipa,2024-11-11,2024-11-17,7,1,23,40.285714285714285,8.957571949925676,89.0,81.42857142857143,False,single,1,185917.0,0,1,7,3.0986166666666666,23,50,58.0,89.0,2024-11-11,0,2024-11-17,6.0,False,False,True,False,False,True,False,New Entry,7
hoy | valentino merlo,Hoy — Valentino Merlo,Hoy,Valentino Merlo & The La Planta,valentino merlo,2025-09-29,2025-10-04,6,1,13,15.166666666666666,2.401388487243717,84.0,83.5,False,single,1,198495.0,0,6,6,3.30825,19,14,83.0,84.0,2025-10-02,3,2025-10-02,3.0,False,False,True,False,False,True,False,New Entry,6
i can do it with a broken heart | taylor swift,I Can Do It With a Broken Heart — Taylor Swift,I Can Do It With a Broken Heart,Taylor Swift,taylor swift,2025-04-23,2025-04-23,1,1,50,50.0,,82.0,82.0,True,album,16,218004.0,0,0,1,3.6334,50,50,82.0,82.0,2025-04-23,0,2025-04-23,0.0,False,False,True,False,False,False,True,New Entry,1
i like the way you kiss me | artemas,i like the way you kiss me — Artemas,i like the way you kiss me,Artemas,artemas,2025-04-04,2025-05-02,21,3,19,32.904761904761905,8.389903228910104,100.0,97.85714285714286,False,single,1,142514.0,0,5,29,2.3752333333333335,48,50,92.0,100.0,2025-04-18,14,2025-04-23,19.0,False,False,True,True,False,True,False,Growth,1
ia | clarent,IA — Clarent,IA,Clarent,clarent,2025-10-20,2025-11-27,39,1,1,4.153846153846154,5.07075444162774,80.0,75.28205128205128,True,single,1,171428.0,36,39,39,2.8571333333333335,19,9,57.0,80.0,2025-11-09,20,2025-11-18,29.0,False,True,False,False,True,True,True,Peak,39
iguales | quevedo,IGUALES — Quevedo,IGUALES,Quevedo,quevedo,2025-11-24,2025-11-27,4,1,3,3.5,0.5773502691896257,71.0,68.75,False,album,18,183316.0,4,4,4,3.055266666666667,3,4,66.0,71.0,2025-11-24,0,2025-11-27,3.0,False,True,False,False,True,False,False,New Entry,4
il capo | rauw alejandro,IL Capo — Rauw Alejandro,IL Capo,Rauw Alejandro,rauw alejandro,2025-11-17,2025-11-17,1,1,38,38.0,,65.0,65.0,True,album,18,249599.0,0,0,1,4.159983333333333,38,38,65.0,65.0,2025-11-17,0,2025-11-17,0.0,False,False,True,False,False,False,True,New Entry,1
imaginate | danny ocean,Imagínate — Danny Ocean,Imagínate,Danny Ocean & Kapo,danny ocean,2025-11-15,2025-11-27,13,1,15,32.30769230769231,10.355229076692085,78.0,74.61538461538461,True,single,1,170365.0,0,3,13,2.8394166666666667,45,32,70.0,78.0,2025-11-23,8,2025-11-26,11.0,False,True,False,False,False,True,True,Growth,13
imperio | duki,Imperio — Duki,Imperio,Duki,duki,2025-11-03,2025-11-23,19,2,15,28.94736842105263,12.465390684301903,76.0,72.10526315789474,True,album,15,168711.0,0,10,21,2.81185,22,49,62.0,76.0,2025-11-09,6,2025-11-22,19.0,False,False,True,True,False,False,True,Decline,15
it s beginning to look a lot like christmas | michael buble,It's Beginning to Look a Lot like Christmas — Michael Bublé,It's Beginning to Look a Lot like Christmas,Michael Bublé,michael buble,2024-12-25,2024-12-27,3,1,16,24.0,6.928203230275509,87.0,87.0,False,album,21,207199.0,0,1,3,3.453316666666667,16,28,87.0,87.0,2024-12-25,0,2024-12-25,0.0,False,False,True,False,False,False,False,New Entry,3
it s the most wonderful time of the year | andy williams,It's the Most Wonderful Time of the Year — Andy Williams,It's the Most Wonderful Time of the Year,Andy Williams,andy williams,2024-12-25,2024-12-27,3,1,12,20.0,6.928203230275509,79.0,79.0,False,album,12,151000.0,0,3,3,2.5166666666666666,12,24,79.0,79.0,2024-12-25,0,2024-12-25,0.0,False,False,True,False,False,False,False,New Entry,3
japoni | oscar el ruso,"Japoni (feat. Camin, Moncho Chavea, Jthyago & Samueliyo Baby) — Oscar el Ruso","Japoni (feat. Camin, Moncho Chavea, Jthyago & Samueliyo Baby)",Oscar el Ruso & Samuel G & Omar Montes,oscar el ruso,2025-01-18,2025-06-17,72,8,26,37.72222222222222,7.682469934073927,77.0,73.33333333333333,False,single,1,248004.0,0,0,151,4.1334,49,49,68.0,65.0,2025-02-25,38,2025-02-27,40.0,False,False,True,True,False,True,False,Mature,3
jingle bell rock | bobby helms,Jingle Bell Rock — Bobby Helms,Jingle Bell Rock,Bobby Helms,bobby helms,2024-12-25,2024-12-27,3,1,10,16.666666666666668,5.773502691896257,94.0,94.0,False,single,2,130973.0,1,3,3,2.1828833333333333,10,20,94.0,94.0,2024-12-25,0,2024-12-25,0.0,False,False,True,False,True,True,False,New Entry,3
k pop | travis scott,K-POP — Travis Scott,K-POP,Travis Scott & Bad Bunny & The Weeknd,travis scott,2024-07-23,2024-08-05,14,1,21,33.857142857142854,9.566424803262896,93.0,79.57142857142857,True,single,1,185220.0,0,3,14,3.087,21,50,82.0,93.0,2024-07-23,0,2024-08-03,11.0,False,False,True,False,False,True,True,Decline,14
kassandra | quevedo,KASSANDRA — Quevedo,KASSANDRA,Quevedo,quevedo,2025-11-24,2025-11-27,4,1,2,2.0,0.0,72.0,69.5,False,album,18,183172.0,4,4,4,3.0528666666666666,2,2,66.0,72.0,2025-11-24,0,2025-11-27,3.0,False,True,False,False,True,False,False,New Entry,4
khe | rauw alejandro,Khé? — Rauw Alejandro,Khé?,Rauw Alejandro,rauw alejandro,2025-11-17,2025-11-27,11,1,8,14.090909090909092,4.867330797357941,83.0,77.27272727272727,False,album,18,206066.0,3,11,11,3.4344333333333332,18,11,67.0,83.0,2025-11-23,6,2025-11-27,10.0,False,True,False,False,True,False,False,Decline,11
ktm | jhayco,KTM — Jhayco,KTM,Jhayco & Bryant Myers & Luar La L,jhayco,2025-03-24,2025-03-28,4,1,16,41.25,16.839932699786342,70.0,68.33333333333333,True,single,1,366760.0,0,1,5,6.112666666666667,16,49,,70.0,2025-03-24,0,2025-03-28,4.0,False,False,True,False,False,True,True,New Entry,4
la 125 | quevedo,LA 125 — Quevedo,LA 125,Quevedo,quevedo,2025-11-24,2025-11-27,4,1,10,18.25,5.560275772537426,67.0,65.0,False,album,18,194286.0,1,4,4,3.2381,10,22,62.0,67.0,2025-11-24,0,2025-11-27,3.0,False,True,False,False,True,False,False,New Entry,4
la baby | brytiago,La Baby — Brytiago,La Baby,Brytiago,brytiago,2024-11-03,2024-12-02,16,6,3,31.3125,15.81863352716241,74.0,70.375,True,single,1,161333.0,2,5,30,2.6888833333333335,42,12,55.0,74.0,2024-11-30,27,2024-11-20,17.0,False,False,True,True,True,True,True,Growth,1
la baby | tainy,LA BABY — Tainy,LA BABY,Tainy,tainy,2024-07-02,2024-07-12,11,1,25,42.27272727272727,7.015567105956712,78.0,74.63636363636364,False,album,19,182857.0,0,1,11,3.047616666666667,25,47,67.0,78.0,2024-07-02,0,2024-07-11,9.0,False,False,True,False,False,False,False,Decline,11
la bachata | manuel turizo,La Bachata — Manuel Turizo,La Bachata,Manuel Turizo,manuel turizo,2024-05-18,2025-11-19,538,3,11,26.769516728624534,8.488728431310484,88.0,85.635687732342,False,album,15,162637.0,0,291,551,2.7106166666666667,24,46,86.0,82.0,2025-01-01,228,2024-06-21,34.0,True,False,True,True,False,False,False,Mature,149
la bebe remix | yng lvcas,La Bebe - Remix — Yng Lvcas,La Bebe - Remix,Yng Lvcas & Peso Pluma,yng lvcas,2024-05-18,2024-08-29,104,1,10,27.39423076923077,11.04309147410506,100.0,98.36538461538461,True,single,2,234352.0,2,45,104,3.905866666666667,13,49,99.0,96.0,2024-06-01,14,2024-06-22,35.0,True,False,True,False,True,True,True,Mature,104
la cancion feliz del disco | eladio carrion,La Canción Feliz Del Disco — Eladio Carrion,La Canción Feliz Del Disco,Eladio Carrion,eladio carrion,2025-01-21,2025-01-24,4,1,13,39.0,17.530925056406275,75.0,71.75,True,album,17,173524.0,0,1,4,2.8920666666666666,13,50,69.0,75.0,2025-01-21,0,2025-01-24,3.0,False,False,True,False,False,False,True,New Entry,4
la capi | myke towers,LA CAPI — Myke Towers,LA CAPI,Myke Towers,myke towers,2024-12-14,2025-09-25,233,6,13,30.167381974248926,10.06797417022213,81.0,76.15021459227468,True,album,23,202360.0,0,91,286,3.3726666666666665,41,49,72.0,75.0,2025-01-22,39,2025-02-18,66.0,False,False,True,True,False,False,True,Mature,133
la falda | myke towers,LA FALDA — Myke Towers,LA FALDA,Myke Towers,myke towers,2024-11-25,2025-11-23,359,2,1,13.225626740947074,9.71791012460485,94.0,87.29608938547486,True,album,23,174229.0,163,320,364,2.9038166666666667,3,44,,83.0,2025-02-18,85,2025-02-27,94.0,False,False,True,True,True,False,True,Peak,353
la fiesta | pedro capo,La Fiesta — Pedro Capó,La Fiesta,Pedro Capó,pedro capo,2024-05-18,2024-06-27,17,4,30,44.88235294117647,6.845457918769724,76.0,74.41176470588235,False,album,10,201044.0,0,0,41,3.3507333333333333,36,50,71.0,76.0,2024-05-20,2,2024-06-21,34.0,True,False,True,True,False,False,False,Decline,8
la gata bajo la lluvia | naiara,La Gata Bajo La Lluvia — Naiara,La Gata Bajo La Lluvia,Naiara,naiara,2025-01-25,2025-01-25,1,1,46,46.0,,55.0,55.0,False,single,1,164678.0,0,0,1,2.7446333333333333,46,46,55.0,55.0,2025-01-25,0,2025-01-25,0.0,False,False,True,False,False,True,False,New Entry,1
la inocente | mora,LA INOCENTE — Mora,LA INOCENTE,Mora,mora,2024-05-30,2024-08-11,31,6,45,48.225806451612904,1.3591584999392052,90.0,88.80645161290323,True,album,15,202173.0,0,0,74,3.36955,49,50,88.0,88.0,2024-06-21,22,2024-07-13,44.0,False,False,True,True,False,False,True,Mature,5
la jumpa | arcangel,La Jumpa — Arcángel,La Jumpa,Arcángel,arcangel,2024-05-18,2024-06-23,37,1,36,42.027027027027025,3.7452672837899033,87.0,87.0,True,album,18,255693.0,0,0,37,4.26155,42,48,87.0,87.0,2024-05-29,11,2024-05-18,0.0,True,False,True,False,False,False,True,Mature,37
la marina sta morena | figa flawas,LA MARINA STA MORENA — Figa Flawas,LA MARINA STA MORENA,Figa Flawas,figa flawas,2025-08-07,2025-10-15,69,1,19,30.27536231884058,8.418963290186056,73.0,71.21739130434783,False,single,1,131332.0,0,27,70,2.1888666666666667,49,42,65.0,71.0,2025-09-04,28,2025-09-09,33.0,False,False,True,False,False,True,False,Mature,69
la nena | lyanno,LA NENA — Lyanno,LA NENA,Lyanno & Rauw Alejandro,lyanno,2025-04-21,2025-05-25,27,2,25,38.925925925925924,7.809884889952089,80.0,78.14814814814815,True,single,1,200040.0,0,1,35,3.334,47,48,74.0,80.0,2025-04-27,6,2025-05-09,18.0,False,False,True,True,False,True,True,Decline,23
la noia | angelina mango,la noia — Angelina Mango,la noia,Angelina Mango,angelina mango,2025-05-14,2025-05-14,1,1,47,47.0,,80.0,80.0,False,single,1,189124.0,0,0,1,3.152066666666667,47,47,80.0,80.0,2025-05-14,0,2025-05-14,0.0,False,False,True,False,False,True,False,New Entry,1
la original mp3 | emilia,La_Original.mp3 — Emilia,La_Original.mp3,Emilia,emilia,2024-11-04,2025-06-03,202,3,10,26.58910891089109,11.256152776211449,85.0,81.58208955223881,False,album,13,140625.0,1,101,212,2.34375,24,50,,79.0,2025-03-08,124,2025-01-30,87.0,False,False,True,True,True,False,False,Mature,51
la raiz d l mal | cruz cafune,la raíz d€l mal — Cruz Cafuné,la raíz d€l mal,Cruz Cafuné,cruz cafune,2025-07-21,2025-07-26,4,2,42,47.5,3.785938897200183,61.0,59.0,True,single,6,133767.0,0,0,6,2.22945,42,50,54.0,61.0,2025-07-21,0,2025-07-25,4.0,False,False,True,True,False,True,True,New Entry,1
la ranger | the academy: segunda mision,LA RANGER (feat. Myke Towers) — The Academy: Segunda Misión,LA RANGER (feat. Myke Towers),The Academy: Segunda Misión & Justin Quiles & Lenny Tavárez,the academy: segunda mision,2025-03-31,2025-07-16,107,1,3,20.85981308411215,12.733441780892326,83.0,79.61682242990655,True,album,9,229738.0,32,64,108,3.8289666666666666,7,45,64.0,78.0,2025-04-11,11,2025-04-19,19.0,False,False,True,False,True,False,True,Decline,107
la reina | lola indigo,LA REINA — Lola Indigo,LA REINA,Lola Indigo,lola indigo,2025-06-16,2025-11-26,162,1,4,10.753086419753087,8.038773838389993,80.0,75.53086419753086,False,single,1,150000.0,99,157,164,2.5,17,48,29.0,73.0,2025-06-20,4,2025-08-12,57.0,False,False,True,False,True,True,False,Peak,162
la rijana | saiko,LA RIJANA — SAIKO,LA RIJANA,SAIKO,saiko,2025-04-28,2025-04-29,2,1,41,44.0,4.242640687119285,60.0,58.5,False,album,16,137172.0,0,0,2,2.2862,41,47,57.0,60.0,2025-04-28,0,2025-04-29,1.0,False,False,True,False,False,False,False,New Entry,2
la rizos dime si le comento a la pura | las 2k,La Rizos [Dime Si Le Comento a la Pura] — Las 2K,La Rizos [Dime Si Le Comento a la Pura],Las 2K & Chardo Chardemio & Melody Records International,las 2k,2025-08-25,2025-11-06,69,2,22,31.17391304347826,7.211013883471687,74.0,72.31884057971014,False,single,1,218119.0,0,19,74,3.6353166666666668,41,48,68.0,72.0,2025-09-15,21,2025-09-15,21.0,False,False,True,True,False,True,False,Decline,22
la roja baila himno oficial de la seleccion espanola | sergio ramos,La roja baila - Himno oficial de la selección española — Sergio Ramos,La roja baila - Himno oficial de la selección española,Sergio Ramos & Niña Pastori & RedOne,sergio ramos,2025-07-15,2025-07-16,2,1,9,9.0,0.0,58.0,57.0,False,single,1,235384.0,2,2,2,3.9230666666666667,9,9,56.0,58.0,2025-07-15,0,2025-07-16,1.0,False,False,True,False,True,True,False,New Entry,2
la sevillana sevillanas | omar montes,LA SEVILLANA - SEVILLANAS — Omar Montes,LA SEVILLANA - SEVILLANAS,Omar Montes,omar montes,2025-05-05,2025-07-03,60,1,8,25.2,12.49243839084878,77.0,63.28333333333333,False,album,11,220360.0,4,30,60,3.6726666666666667,8,47,77.0,60.0,2025-05-05,0,2025-05-05,0.0,False,False,True,False,True,False,False,Decline,60
la sevillana | omar montes,LA SEVILLANA — Omar Montes,LA SEVILLANA,Omar Montes,omar montes,2025-04-14,2025-05-04,21,1,3,7.9523809523809526,4.532948162908886,77.0,71.9047619047619,False,single,1,220346.0,18,21,21,3.672433333333333,19,9,59.0,77.0,2025-04-20,6,2025-05-03,19.0,False,False,True,False,True,True,False,Decline,21
la torre picasso | arde bogota,La Torre Picasso — Arde Bogotá,La Torre Picasso,Arde Bogotá,arde bogota,2025-09-15,2025-09-15,1,1,46,46.0,,50.0,50.0,False,single,1,484573.0,0,0,1,8.076216666666667,46,46,50.0,50.0,2025-09-15,0,2025-09-15,0.0,False,False,True,False,False,True,False,New Entry,1
la ultima | quevedo,LA ÚLTIMA — Quevedo,LA ÚLTIMA,Quevedo,quevedo,2025-02-03,2025-03-23,48,1,1,16.3125,16.282291973640984,84.0,81.45833333333333,False,single,1,170322.0,25,34,49,2.8387,1,43,72.0,78.0,2025-02-03,0,2025-02-16,13.0,False,False,True,False,True,True,False,Decline,48
la vida sin ti | rels b,La Vida Sin Ti — Rels B,La Vida Sin Ti,Rels B & Lia Kali,rels b,2025-04-25,2025-06-29,66,1,8,24.545454545454547,13.166603227842803,82.0,77.24242424242425,False,album,13,164470.0,15,29,66,2.7411666666666665,15,47,58.0,76.0,2025-05-02,7,2025-05-19,24.0,False,False,True,False,True,False,False,Decline,66
la vuelta | feid,LA VUELTA — Feid,LA VUELTA,Feid,feid,2024-12-02,2024-12-02,1,1,48,48.0,,,,False,album,10,121920.0,0,0,1,2.032,48,48,,,2024-12-02,0,,,False,False,True,False,False,False,False,New Entry,1
lady madrizzz | cero,lady madrizZz — céro,lady madrizZz,céro,cero,2024-11-03,2025-03-02,118,2,8,27.45762711864407,13.398331359173003,79.0,73.83898305084746,False,single,1,131020.0,14,54,120,2.183666666666667,47,49,67.0,75.0,2024-11-16,13,2024-12-03,30.0,False,False,True,True,True,True,False,Decline,2
laguna | mora,LAGUNA — Mora,LAGUNA,Mora,mora,2024-08-30,2024-09-02,4,1,11,21.5,8.18535277187245,76.0,74.33333333333333,True,album,15,246593.0,0,2,4,4.109883333333333,11,28,,76.0,2024-08-30,0,2024-09-02,3.0,False,False,True,False,False,False,True,New Entry,4
lala | myke towers,LALA — Myke Towers,LALA,Myke Towers,myke towers,2024-06-29,2025-09-24,310,2,1,19.929032258064517,15.96420335326688,99.0,93.45161290322581,True,album,23,197920.0,118,191,453,3.2986666666666666,42,49,78.0,85.0,2024-07-05,6,2024-07-25,26.0,False,False,True,True,True,False,True,Mature,258
las babys | aitana,LAS BABYS — Aitana,LAS BABYS,Aitana,aitana,2024-06-09,2024-08-29,82,1,4,23.073170731707318,8.561730077566569,83.0,80.32926829268293,True,single,1,153827.0,9,38,82,2.5637833333333333,5,40,63.0,79.0,2024-06-11,2,2024-07-06,27.0,False,False,True,False,True,True,True,Mature,82
las bratz remix | aissa,Las Bratz (Remix) — Aissa,Las Bratz (Remix),Aissa & JC Reyes & Saiko,aissa,2024-05-18,2024-05-27,10,1,44,46.9,1.449137674618944,76.0,76.0,True,single,1,444631.0,0,0,10,7.410516666666667,49,47,76.0,76.0,2024-05-20,2,2024-05-18,0.0,True,False,True,False,False,True,True,Mature,10
last christmas single version | wham!,Last Christmas - Single Version — Wham!,Last Christmas - Single Version,Wham!,wham!,2024-12-23,2024-12-27,5,1,4,19.0,19.8997487421324,89.0,89.0,False,album,16,265960.0,3,3,5,4.432666666666667,49,6,89.0,89.0,2024-12-25,2,2024-12-23,0.0,False,False,True,False,True,False,False,New Entry,5
latte | the academy: segunda mision,LATTE (feat. Maria Becerra) — The Academy: Segunda Misión,LATTE (feat. Maria Becerra),The Academy: Segunda Misión & Sech & Dalex,the academy: segunda mision,2025-03-31,2025-03-31,1,1,43,43.0,,53.0,53.0,True,album,9,260534.0,0,0,1,4.342233333333334,43,43,53.0,53.0,2025-03-31,0,2025-03-31,0.0,False,False,True,False,False,False,True,New Entry,1
let it snow let it snow let it snow | dean martin,Let It Snow! Let It Snow! Let It Snow! — Dean Martin,Let It Snow! Let It Snow! Let It Snow!,Dean Martin,dean martin,2024-12-25,2024-12-27,3,1,15,23.0,6.928203230275509,95.0,95.0,False,album,12,117146.0,0,1,3,1.9524333333333332,15,27,95.0,95.0,2024-12-25,0,2024-12-25,0.0,False,False,True,False,False,False,False,New Entry,3
let it snow let it snow let it snow | frank sinatra,Let It Snow! Let It Snow! Let It Snow! (with The B. Swanson Quartet) — Frank Sinatra,Let It Snow! Let It Snow! Let It Snow! (with The B. Swanson Quartet),Frank Sinatra,frank sinatra,2024-12-25,2024-12-25,1,1,33,33.0,,91.0,91.0,False,album,14,155453.0,0,0,1,2.590883333333333,33,33,91.0,91.0,2024-12-25,0,2024-12-25,0.0,False,False,True,False,False,False,False,New Entry,1
like i can | sam smith,Like I Can (feat. Aitana) — Sam Smith,Like I Can (feat. Aitana),Sam Smith & Aitana,sam smith,2025-08-10,2025-08-10,1,1,42,42.0,,38.0,38.0,False,single,1,166707.0,0,0,1,2.77845,42,42,38.0,38.0,2025-08-10,0,2025-08-10,0.0,False,False,True,False,False,True,False,New Entry,1
lo que no ves de mi | juanjo bona,Lo que no ves de mí — Juanjo Bona,Lo que no ves de mí,Juanjo Bona,juanjo bona,2025-04-18,2025-04-18,1,1,38,38.0,,69.0,69.0,False,single,1,144000.0,0,0,1,2.4,38,38,69.0,69.0,2025-04-18,0,2025-04-18,0.0,False,False,True,False,False,True,False,New Entry,1
lo que tiene | morad,Lo Que Tiene — Morad,Lo Que Tiene,Morad & Beny Jr & Rvfv,morad,2025-03-10,2025-11-23,254,2,5,25.62204724409449,12.792308171764606,82.0,77.51968503937007,False,single,1,259200.0,63,116,259,4.32,12,41,61.0,75.0,2025-03-13,3,2025-04-22,43.0,False,False,True,True,True,True,False,Mature,163
lokita | mora,LOKITA — Mora,LOKITA,Mora,mora,2024-08-30,2024-09-02,4,1,13,28.75,12.658988901172163,75.0,72.66666666666667,True,album,15,154154.0,0,2,4,2.5692333333333335,13,39,,75.0,2024-08-30,0,2024-09-02,3.0,False,False,True,False,False,False,True,New Entry,4
lollipop | darell,Lollipop — Darell,Lollipop,Darell,darell,2024-10-02,2025-01-17,105,2,1,21.695238095238096,16.515798852057134,95.0,88.93333333333334,True,album,18,199946.0,38,65,108,3.3324333333333334,43,50,64.0,90.0,2024-10-21,19,2024-11-05,34.0,False,False,True,True,True,False,True,Decline,84
los angeles | aitana,Los Ángeles — Aitana,Los Ángeles,Aitana,aitana,2024-05-18,2024-08-05,80,1,20,34.1125,6.946438391658994,84.0,82.7375,False,single,1,158483.0,0,5,80,2.641383333333333,20,44,84.0,81.0,2024-05-18,0,2024-05-18,0.0,True,False,True,False,False,True,False,Mature,80
los del espacio | lit killah,Los del Espacio — LIT killah,Los del Espacio,LIT killah,lit killah,2024-06-04,2025-02-16,257,2,2,21.56420233463035,16.2328263411336,95.0,88.86381322957199,False,single,1,338000.0,114,130,258,5.633333333333334,16,50,72.0,85.0,2024-06-09,5,2024-07-07,33.0,False,False,True,True,True,True,False,Peak,231
los dias contados | quevedo,LOS DÍAS CONTADOS — Quevedo,LOS DÍAS CONTADOS,Quevedo,quevedo,2025-11-24,2025-11-27,4,1,4,5.25,0.9574271077563381,70.0,67.5,False,album,18,161943.0,4,4,4,2.69905,4,6,64.0,70.0,2025-11-24,0,2025-11-27,3.0,False,True,False,False,True,False,False,New Entry,4
los pits | bad bunny,LOS PITS — Bad Bunny,LOS PITS,Bad Bunny,bad bunny,2024-10-14,2024-10-20,7,1,20,33.857142857142854,11.92236793354647,85.0,81.83333333333333,True,album,22,250851.0,0,2,7,4.18085,20,50,,85.0,2024-10-14,0,2024-10-19,5.0,False,False,True,False,False,False,True,New Entry,7
luces de tecno | feid,LUCES DE TECNO — Feid,LUCES DE TECNO,Feid,feid,2024-09-30,2025-02-03,124,2,7,32.145161290322584,9.79853444192275,82.0,79.95901639344262,False,album,16,164293.0,4,27,127,2.7382166666666667,7,46,,80.0,2024-09-30,0,2024-10-09,9.0,False,False,True,True,True,False,False,Mature,86
luchas mentales | eladio carrion,Luchas Mentales — Eladio Carrion,Luchas Mentales,Eladio Carrion,eladio carrion,2025-01-21,2025-01-21,1,1,43,43.0,,66.0,66.0,False,album,17,166835.0,0,0,1,2.7805833333333334,43,43,66.0,66.0,2025-01-21,0,2025-01-21,0.0,False,False,True,False,False,False,False,New Entry,1
luna llena | beny jr,Luna llena — Beny Jr,Luna llena,Beny Jr,beny jr,2025-07-31,2025-11-27,119,1,4,11.084033613445378,8.758124394761404,77.0,75.82352941176471,False,album,13,169846.0,78,109,120,2.830766666666667,40,26,69.0,76.0,2025-10-14,75,2025-09-12,43.0,False,True,False,False,True,False,False,Peak,119
luna | feid,LUNA — Feid,LUNA,Feid,feid,2024-12-02,2025-11-27,357,1,2,11.599439775910364,7.9162966401124795,97.0,91.18258426966293,False,album,10,196800.0,167,332,361,3.28,28,50,,88.0,2025-01-11,40,2025-01-31,60.0,False,True,False,False,True,False,False,Peak,357
luna | saiko,LUNA — SAIKO,LUNA,SAIKO,saiko,2025-04-28,2025-05-09,12,1,9,28.25,12.927243958541062,70.0,67.58333333333333,False,album,16,240923.0,1,6,12,4.015383333333333,9,47,61.0,70.0,2025-04-28,0,2025-05-05,7.0,False,False,True,False,True,False,False,Decline,12
lunch | billie eilish,LUNCH — Billie Eilish,LUNCH,Billie Eilish,billie eilish,2025-05-19,2025-05-30,12,1,20,34.333333333333336,7.036700328644918,95.0,89.33333333333333,False,album,10,179586.0,0,1,12,2.9931,34,44,62.0,95.0,2025-05-25,6,2025-05-27,8.0,False,False,True,False,False,False,False,Growth,12
m a i | milo j,M.A.I — Milo j,M.A.I,Milo j,milo j,2025-01-17,2025-04-30,100,2,4,16.32,11.711067026923331,89.0,84.83,False,album,10,184027.0,47,75,104,3.0671166666666667,40,50,82.0,86.0,2025-01-31,14,2025-02-27,41.0,False,False,True,True,True,False,False,Peak,99
m ntiras | cruz cafune,m€ntiras — Cruz Cafuné,m€ntiras,Cruz Cafuné,cruz cafune,2025-07-21,2025-07-21,1,1,43,43.0,,54.0,54.0,True,single,6,151841.0,0,0,1,2.530683333333333,43,43,54.0,54.0,2025-07-21,0,2025-07-21,0.0,False,False,True,False,False,True,True,New Entry,1
ma meilleure ennemie from the series arcane league of legends | stromae,Ma Meilleure Ennemie (from the series Arcane League of Legends) — Stromae,Ma Meilleure Ennemie (from the series Arcane League of Legends),Stromae & Pomme & Arcane,stromae,2025-11-27,2025-11-27,1,1,38,38.0,,77.0,77.0,False,single,1,147973.0,0,0,1,2.4662166666666665,38,38,77.0,77.0,2025-11-27,0,2025-11-27,0.0,False,True,False,False,False,True,False,New Entry,1
madrid city | ana mena,Madrid City — Ana Mena,Madrid City,Ana Mena,ana mena,2024-09-30,2025-04-15,181,2,13,27.430939226519335,9.651823874944713,79.0,76.95555555555555,False,single,1,172727.0,0,85,198,2.8787833333333332,16,49,,77.0,2025-01-03,95,2025-01-10,102.0,False,False,True,True,False,True,False,Mature,9
mal de amores | natos y waor,Mal de amores — Natos y Waor,Mal de amores,Natos y Waor & Israel B,natos y waor,2025-02-11,2025-02-17,4,2,29,37.75,6.701989754294367,64.0,61.25,False,single,1,255071.0,0,0,7,4.2511833333333335,45,40,56.0,64.0,2025-02-15,4,2025-02-17,6.0,False,False,True,True,False,True,False,New Entry,1
mala suerte | lola indigo,MALA SUERTE — Lola Indigo,MALA SUERTE,Lola Indigo & DELLAFUENTE,lola indigo,2024-09-03,2024-09-09,7,1,32,36.42857142857143,3.7796447300922713,69.0,65.0,False,single,1,215142.0,0,0,7,3.5857,36,44,59.0,69.0,2024-09-06,3,2024-09-09,6.0,False,False,True,False,False,True,False,New Entry,7
malicia | dellafuente,Malicia — DELLAFUENTE,Malicia,DELLAFUENTE,dellafuente,2025-06-16,2025-06-21,6,1,29,42.166666666666664,7.626707459098367,50.0,42.0,False,album,10,177500.0,0,0,6,2.9583333333333335,29,49,25.0,50.0,2025-06-16,0,2025-06-21,5.0,False,False,True,False,False,False,False,New Entry,6
mama s boy | eladio carrion,Mama's Boy — Eladio Carrion,Mama's Boy,Eladio Carrion,eladio carrion,2025-01-21,2025-01-21,1,1,34,34.0,,66.0,66.0,False,album,17,222272.0,0,0,1,3.7045333333333335,34,34,66.0,66.0,2025-01-21,0,2025-01-21,0.0,False,False,True,False,False,False,False,New Entry,1
mamasota | manuel turizo,Mamasota — Manuel Turizo,Mamasota,Manuel Turizo & Yandel,manuel turizo,2025-03-15,2025-03-15,1,1,50,50.0,,78.0,78.0,False,single,1,216424.0,0,0,1,3.607066666666667,50,50,78.0,78.0,2025-03-15,0,2025-03-15,0.0,False,False,True,False,False,True,False,New Entry,1
mami chula | jhayco,Mami Chula — Jhayco,Mami Chula,Jhayco & Quevedo,jhayco,2024-05-18,2024-09-18,118,2,6,35.813559322033896,11.715246222788211,86.0,84.05932203389831,False,single,1,220600.0,9,24,124,3.6766666666666667,6,48,85.0,80.0,2024-05-18,0,2024-05-23,5.0,True,False,True,True,True,True,False,Mature,104
mamichula | trueno,Mamichula - con Nicki Nicole — Trueno,Mamichula - con Nicki Nicole,Trueno,trueno,2025-02-18,2025-04-05,44,2,7,27.272727272727273,14.71964932020925,89.0,87.04545454545455,False,album,10,219201.0,8,21,47,3.65335,49,50,83.0,86.0,2025-03-04,14,2025-03-06,16.0,False,False,True,True,True,False,False,Decline,43
manos rotas | dellafuente,Manos Rotas — DELLAFUENTE,Manos Rotas,DELLAFUENTE & Morad,dellafuente,2024-11-18,2025-11-23,329,11,1,23.595744680851062,18.555719817204977,85.0,77.68085106382979,False,single,1,168594.0,124,162,371,2.8099,13,42,44.0,72.0,2024-11-29,11,2025-01-08,51.0,False,False,True,True,True,True,False,Mature,222
maquillaje remix | refracted arg,Maquillaje - Remix — refracted arg,Maquillaje - Remix,refracted arg,refracted arg,2025-04-21,2025-04-24,4,1,32,34.5,4.358898943540674,52.0,44.333333333333336,False,album,7,207342.0,0,0,4,3.4557,32,33,,52.0,2025-04-21,0,2025-04-24,3.0,False,False,True,False,False,False,False,New Entry,4
maquillaje remix | renn,Maquillaje - Remix — Renn,Maquillaje - Remix,Renn & Myke Towers & Nio Garcia,renn,2025-07-10,2025-07-14,4,1,25,30.0,5.033222956847167,76.0,75.75,True,single,1,286283.0,0,1,5,4.7713833333333335,37,25,75.0,76.0,2025-07-14,4,2025-07-12,2.0,False,False,True,False,False,True,True,New Entry,4
maquillaje | renn,Maquillaje — Renn,Maquillaje,Renn & Yexel,renn,2025-03-21,2025-06-02,65,3,18,31.646153846153847,7.567262486425427,83.0,77.50769230769231,True,single,1,211969.0,0,13,74,3.5328166666666667,50,38,2.0,83.0,2025-04-08,18,2025-04-19,29.0,False,False,True,True,False,True,True,Mature,30
marea | mora,MAREA — Mora,MAREA,Mora,mora,2024-08-30,2024-08-31,2,1,24,36.5,17.67766952966369,69.0,69.0,True,album,15,148082.0,0,1,2,2.4680333333333335,24,49,,69.0,2024-08-30,0,2024-08-31,1.0,False,False,True,False,False,False,True,New Entry,2
martini | dei v,Martini — Dei V,Martini,Dei V,dei v,2025-05-02,2025-11-23,150,8,7,32.806666666666665,12.099529452643665,76.0,70.24666666666667,True,album,16,164365.0,2,46,206,2.7394166666666666,40,50,65.0,72.0,2025-06-17,46,2025-05-20,18.0,False,False,True,True,True,False,True,Mature,76
me has invitado a bailar | dani fernandez,Me has invitado a bailar — Dani Fernández,Me has invitado a bailar,Dani Fernández,dani fernandez,2025-09-04,2025-11-27,85,1,15,27.458823529411763,7.271197158876199,71.0,65.58823529411765,False,single,1,192906.0,0,39,85,3.2151,47,36,63.0,65.0,2025-10-31,57,2025-09-22,18.0,False,True,False,False,False,True,False,Growth,85
media luna | mora,MEDIA LUNA — Mora,MEDIA LUNA,Mora,mora,2024-08-30,2024-09-21,14,2,5,36.785714285714285,16.957769135883826,81.0,79.53846153846153,False,album,15,134948.0,2,4,23,2.2491333333333334,5,50,,81.0,2024-08-30,0,2024-09-07,8.0,False,False,True,True,True,False,False,Decline,10
mejor asi | myke towers,MEJOR ASÍ — Myke Towers,MEJOR ASÍ,Myke Towers,myke towers,2025-08-24,2025-08-24,1,1,37,37.0,,,,True,album,20,219480.0,0,0,1,3.658,37,37,,,2025-08-24,0,,,False,False,True,False,False,False,True,New Entry,1
memorias | mora,MEMORIAS — Mora,MEMORIAS,Mora,mora,2024-05-18,2024-05-27,10,1,39,42.1,1.5238839267549946,82.0,82.0,False,album,15,228750.0,0,0,10,3.8125,43,43,82.0,82.0,2024-05-23,5,2024-05-18,0.0,True,False,True,False,False,False,False,Mature,10
mencionar | eladio carrion,Mencionar — Eladio Carrion,Mencionar,Eladio Carrion,eladio carrion,2025-01-21,2025-01-21,1,1,42,42.0,,66.0,66.0,False,album,17,141818.0,0,0,1,2.3636333333333335,42,42,66.0,66.0,2025-01-21,0,2025-01-21,0.0,False,False,True,False,False,False,False,New Entry,1
mercedes carota | bad bunny,MERCEDES CAROTA — Bad Bunny,MERCEDES CAROTA,Bad Bunny,bad bunny,2024-10-14,2024-10-21,8,1,17,32.875,12.158917949977528,86.0,81.85714285714286,True,album,22,202635.0,0,2,8,3.37725,17,49,,86.0,2024-10-14,0,2024-10-20,6.0,False,False,True,False,False,False,True,Decline,8
mercho | lil cake,MERCHO — LiL CaKe,MERCHO,LiL CaKe & Migrantes,lil cake,2024-05-18,2024-08-29,104,1,21,32.19230769230769,6.2318893690669555,90.0,88.66346153846153,False,single,1,161451.0,0,16,104,2.69085,25,47,90.0,86.0,2024-05-29,11,2024-05-18,0.0,True,False,True,False,False,True,False,Mature,104
mi cuarto | tiago pzk,Mi Cuarto — Tiago PZK,Mi Cuarto,Tiago PZK & Rels B,tiago pzk,2025-10-27,2025-10-27,1,1,46,46.0,,58.0,58.0,False,single,1,131688.0,0,0,1,2.1948,46,46,58.0,58.0,2025-10-27,0,2025-10-27,0.0,False,False,True,False,False,True,False,New Entry,1
mi droga | myke towers,MI DROGA — Myke Towers,MI DROGA,Myke Towers,myke towers,2024-05-18,2024-05-20,3,1,46,48.666666666666664,2.3094010767585034,81.0,80.33333333333333,True,album,23,163240.0,0,0,3,2.720666666666667,46,50,81.0,80.0,2024-05-18,0,2024-05-18,0.0,True,False,True,False,False,False,True,Unclassified,3
mi ex tenia razon | karol g,MI EX TENÍA RAZÓN — KAROL G,MI EX TENÍA RAZÓN,KAROL G,karol g,2024-08-13,2025-07-31,22,2,16,36.59090909090909,8.846086521917291,85.0,79.0909090909091,False,album,9,154374.0,0,4,353,2.5729,16,47,62.0,85.0,2024-08-13,0,2025-07-27,348.0,False,False,True,True,False,False,False,Decline,13
mi lova | bad gyal,Mi Lova — Bad Gyal,Mi Lova,Bad Gyal & Myke Towers,bad gyal,2024-07-09,2024-08-18,41,1,14,36.707317073170735,9.15763043161009,80.0,78.5,True,single,1,220173.0,0,4,41,3.66955,14,50,,79.0,2024-07-09,0,2024-07-26,17.0,False,False,True,False,False,True,True,Decline,41
mi luz | rvfv,Mi Luz (ft. Rels B) — Rvfv,Mi Luz (ft. Rels B),Rvfv,rvfv,2024-10-23,2025-10-18,172,15,32,45.395348837209305,3.6105079578721737,81.0,77.26162790697674,False,album,15,168000.0,0,0,361,2.8,50,50,80.0,75.0,2025-10-11,353,2024-11-07,15.0,False,False,True,True,False,False,False,Mature,40
mi nena remix | maikel delacalle,Mi Nena Remix — Maikel Delacalle,Mi Nena Remix,Maikel Delacalle & Quevedo,maikel delacalle,2024-05-18,2024-06-10,24,1,26,31.75,3.8135912550861506,82.0,81.16666666666667,False,single,1,220000.0,0,0,24,3.6666666666666665,28,39,82.0,81.0,2024-05-19,1,2024-05-18,0.0,True,False,True,False,False,True,False,Mature,24
miamor | aitana,miamor — Aitana,miamor,Aitana & Rels B,aitana,2024-08-26,2024-09-26,32,1,4,37.25,12.223720989891321,79.0,72.71875,False,single,1,159360.0,3,4,32,2.656,4,37,46.0,55.0,2024-08-26,0,2024-09-15,20.0,False,False,True,False,True,True,False,Decline,32
mientras me curo del cora | karol g,MIENTRAS ME CURO DEL CORA — KAROL G,MIENTRAS ME CURO DEL CORA,KAROL G,karol g,2025-07-24,2025-08-02,10,1,37,44.9,4.3830481529537275,82.0,81.7,False,album,17,164386.0,0,0,10,2.7397666666666667,47,50,81.0,82.0,2025-07-28,4,2025-07-27,3.0,False,False,True,False,False,False,False,Decline,10
mil mujeres | rauw alejandro,Mil Mujeres — Rauw Alejandro,Mil Mujeres,Rauw Alejandro,rauw alejandro,2025-11-17,2025-11-17,1,1,36,36.0,,65.0,65.0,True,album,18,168922.0,0,0,1,2.815366666666667,36,36,65.0,65.0,2025-11-17,0,2025-11-17,0.0,False,False,True,False,False,False,True,New Entry,1
milo j bzrp music sessions vol 57 | bizarrap,"Milo J: Bzrp Music Sessions, Vol. 57 — Bizarrap","Milo J: Bzrp Music Sessions, Vol. 57",Bizarrap & Milo j,bizarrap,2024-10-07,2025-02-10,59,3,1,28.88135593220339,15.427343331490347,89.0,86.22033898305085,False,single,1,189901.0,7,28,127,3.165016666666667,1,50,74.0,83.0,2024-10-07,0,2024-10-26,19.0,False,False,True,True,True,True,False,Decline,49
milo j bzrp music sessions vol 57 | paul thin,"Milo J: Bzrp Music Sessions, Vol. 57 — Paul Thin","Milo J: Bzrp Music Sessions, Vol. 57",Paul Thin,paul thin,2025-02-01,2025-02-02,2,1,39,44.5,7.7781745930520225,56.0,56.0,False,single,1,153024.0,0,0,2,2.5504,39,50,56.0,56.0,2025-02-01,0,2025-02-01,0.0,False,False,True,False,False,True,False,New Entry,2
mirame | blessd,Mirame — Blessd,Mirame,Blessd & Ovy On The Drums,blessd,2025-07-15,2025-07-30,16,1,13,28.875,6.878711119582407,88.0,86.5,True,single,1,157453.0,0,4,16,2.624216666666667,31,29,84.0,88.0,2025-07-19,4,2025-07-27,12.0,False,False,True,False,False,True,True,Decline,16
mis tias | juanjo bona,Mis Tías — Juanjo Bona,Mis Tías,Juanjo Bona,juanjo bona,2025-07-21,2025-07-23,2,2,44,45.5,2.1213203435596424,62.0,60.0,False,single,1,158400.0,0,0,3,2.64,44,47,58.0,62.0,2025-07-21,0,2025-07-23,2.0,False,False,True,True,False,True,False,New Entry,1
modelito | mora,MODELITO — Mora,MODELITO,Mora,mora,2024-09-09,2025-06-17,279,2,4,21.7168458781362,13.673825074718584,85.0,81.6989247311828,True,album,14,190496.0,86,166,282,3.174933333333333,50,42,80.0,72.0,2024-11-12,64,2024-10-21,42.0,False,False,True,True,True,False,True,Mature,229
mojabi ghost | tainy,MOJABI GHOST — Tainy,MOJABI GHOST,Tainy,tainy,2024-07-02,2024-08-03,33,1,6,30.939393939393938,12.569654415345399,94.0,91.0909090909091,True,album,19,232131.0,3,9,33,3.86885,6,50,78.0,93.0,2024-07-02,0,2024-07-24,22.0,False,False,True,False,True,False,True,Decline,33
monaco | bad bunny,MONACO — Bad Bunny,MONACO,Bad Bunny,bad bunny,2024-10-14,2025-01-12,78,3,1,23.67948717948718,17.056433138904257,98.0,95.68831168831169,True,album,22,267194.0,26,42,91,4.453233333333333,1,50,,95.0,2024-10-14,0,2024-11-04,21.0,False,False,True,True,True,False,True,Decline,64
mr moondial | quevedo,MR. MOONDIAL — Quevedo,MR. MOONDIAL,Quevedo,quevedo,2025-11-24,2025-11-27,4,1,5,5.5,0.5773502691896257,70.0,67.0,False,album,18,165762.0,4,4,4,2.7627,6,5,63.0,70.0,2025-11-25,1,2025-11-27,3.0,False,True,False,False,True,False,False,New Entry,4
mr october | bad bunny,MR. OCTOBER — Bad Bunny,MR. OCTOBER,Bad Bunny,bad bunny,2024-10-14,2024-10-21,8,1,7,23.875,13.778217798913099,88.0,85.0,True,album,22,189258.0,2,5,8,3.1543,7,46,,88.0,2024-10-14,0,2024-10-20,6.0,False,False,True,False,True,False,True,Decline,8
my love | de la ghetto,My Love — De La Ghetto,My Love,De La Ghetto & Quevedo,de la ghetto,2024-06-04,2024-07-01,27,2,36,41.7037037037037,3.8909640373050385,78.0,73.77777777777777,False,single,1,214123.0,0,0,28,3.5687166666666665,42,49,60.0,78.0,2024-06-15,11,2024-06-27,23.0,False,False,True,True,False,True,False,Mature,2
nadie sabe | bad bunny,NADIE SABE — Bad Bunny,NADIE SABE,Bad Bunny,bad bunny,2024-10-14,2024-10-28,15,1,3,26.666666666666668,15.295501984321437,89.0,87.21428571428571,True,album,22,379058.0,2,7,15,6.317633333333333,3,46,,89.0,2024-10-14,0,2024-10-20,6.0,False,False,True,False,True,False,True,Decline,15
nana del hilo rojo | saiko,NANA DEL HILO ROJO — SAIKO,NANA DEL HILO ROJO,SAIKO,saiko,2025-04-28,2025-05-02,5,1,16,27.0,12.144957801491119,68.0,65.4,False,album,16,163893.0,0,3,5,2.73155,16,47,61.0,68.0,2025-04-28,0,2025-05-01,3.0,False,False,True,False,False,False,False,New Entry,5
narcotics | dei v,Narcotics (with Bryant Myers) — Dei V,Narcotics (with Bryant Myers),Dei V & Bryant Myers,dei v,2024-10-04,2025-06-11,188,3,15,25.569148936170212,7.7914326539622225,85.0,82.70212765957447,True,single,1,173991.0,0,121,251,2.89985,35,50,75.0,74.0,2024-12-28,85,2025-01-23,111.0,False,False,True,True,False,True,True,Mature,185
natanael cano bzrp music sessions vol 59 | bizarrap,"Natanael Cano: Bzrp Music Sessions, Vol. 59 — Bizarrap","Natanael Cano: Bzrp Music Sessions, Vol. 59",Bizarrap & Natanael Cano,bizarrap,2025-04-06,2025-04-13,8,1,32,39.625,5.343554194407633,83.0,78.125,True,single,1,155888.0,0,0,8,2.598133333333333,34,47,70.0,83.0,2025-04-07,1,2025-04-12,6.0,False,False,True,False,False,True,True,Decline,8
new woman | lisa,New Woman (feat. ROSALÍA) — LISA,New Woman (feat. ROSALÍA),LISA & ROSALÍA,lisa,2025-08-17,2025-08-30,14,1,15,32.0,11.44216224859082,91.0,87.07692307692308,False,single,1,179789.0,0,6,14,2.9964833333333334,15,49,,91.0,2025-08-17,0,2025-08-30,13.0,False,False,True,False,False,True,False,Decline,14
ni me conozco | rauw alejandro,Ni Me Conozco — Rauw Alejandro,Ni Me Conozco,Rauw Alejandro,rauw alejandro,2025-11-17,2025-11-22,6,1,26,37.5,8.043631020876083,75.0,71.33333333333333,True,album,18,229787.0,0,0,6,3.8297833333333333,26,50,66.0,75.0,2025-11-17,0,2025-11-22,5.0,False,False,True,False,False,False,True,New Entry,6
nina bonita | feid,Niña Bonita — Feid,Niña Bonita,Feid & Sean Paul,feid,2024-05-18,2024-08-08,83,1,13,34.44578313253012,7.165726372127241,90.0,89.33734939759036,False,single,1,187653.0,0,4,83,3.12755,14,49,88.0,88.0,2024-05-19,1,2024-06-14,27.0,True,False,True,False,False,True,False,Mature,83
no digas na | feid,No Digas Na — Feid,No Digas Na,Feid & Yandel,feid,2025-04-17,2025-04-20,4,1,48,48.75,0.9574271077563378,74.0,72.5,False,single,5,208386.0,0,0,4,3.4731,50,49,71.0,74.0,2025-04-18,1,2025-04-20,3.0,False,False,True,False,False,True,False,New Entry,4
no estuviste en lo malo remix | morad,No Estuviste En Lo Malo - REMIX — Morad,No Estuviste En Lo Malo - REMIX,Morad & Beny Jr & DELLAFUENTE,morad,2024-10-07,2025-01-31,112,5,12,38.589285714285715,7.593920721052597,78.0,76.10714285714286,False,single,1,268320.0,0,7,117,4.472,12,50,63.0,77.0,2024-10-07,0,2024-11-05,29.0,False,False,True,True,False,True,False,Mature,49
no estuviste en lo malo | morad,No Estuviste En Lo Malo — Morad,No Estuviste En Lo Malo,Morad,morad,2024-05-18,2024-06-23,11,4,46,48.36363636363637,1.5015143870590961,77.0,72.0,False,album,19,247680.0,0,0,37,4.128,47,50,67.0,77.0,2024-05-31,13,2024-06-23,36.0,True,False,True,True,False,False,False,Mature,3
no has cambiado | baby rasta,No Has Cambiado — Baby Rasta,No Has Cambiado,Baby Rasta & Noriel & Hades66,baby rasta,2025-10-13,2025-11-27,24,6,11,32.125,10.682421562304242,71.0,69.58333333333333,True,single,1,276404.0,0,6,46,4.606733333333334,45,40,64.0,71.0,2025-10-15,2,2025-10-31,18.0,False,True,False,True,False,True,True,Decline,1
no me quiero casar | bad bunny,NO ME QUIERO CASAR — Bad Bunny,NO ME QUIERO CASAR,Bad Bunny,bad bunny,2024-10-14,2024-10-19,6,1,22,32.333333333333336,9.973297682645729,84.0,80.4,True,album,22,225654.0,0,2,6,3.7609,22,49,,84.0,2024-10-14,0,2024-10-18,4.0,False,False,True,False,False,False,True,New Entry,6
no pienso llamar | soge culebra,NO PIENSO LLAMAR — Soge Culebra,NO PIENSO LLAMAR,Soge Culebra & Quevedo & GARABATTO,soge culebra,2024-10-07,2025-03-02,147,1,7,23.782312925170068,12.603824711311328,73.0,68.34931506849315,False,album,13,198352.0,20,91,147,3.3058666666666667,16,50,43.0,69.0,2024-12-23,77,2025-01-10,95.0,False,False,True,False,True,False,False,Decline,147
no se ve mp3 | emilia,No_se_ve.mp3 — Emilia,No_se_ve.mp3,Emilia & LUDMILLA & ZECCA,emilia,2024-06-08,2025-02-09,209,4,13,29.980861244019138,12.606073674442088,89.0,82.25,True,single,1,203636.0,0,106,247,3.3939333333333335,47,48,83.0,76.0,2024-08-25,78,2024-07-08,30.0,False,False,True,True,False,True,True,Mature,128
no soy eterno | bizarrap,No soy Eterno — Bizarrap,No soy Eterno,Bizarrap & Milo j,bizarrap,2024-10-07,2024-10-13,7,1,27,35.0,7.505553499465135,80.0,75.57142857142857,False,single,5,151468.0,0,0,7,2.5244666666666666,42,45,67.0,80.0,2024-10-10,3,2024-10-13,6.0,False,False,True,False,False,True,False,New Entry,7
no te quieren conmigo remix | gaby music,No Te Quieren Conmigo - Remix — Gaby Music,No Te Quieren Conmigo - Remix,Gaby Music & Anuel AA & Luar La L,gaby music,2025-04-07,2025-04-27,21,1,17,34.857142857142854,7.185302459087681,77.0,73.28571428571429,False,single,1,328226.0,0,1,21,5.470433333333333,17,47,62.0,77.0,2025-04-07,0,2025-04-21,14.0,False,False,True,False,False,True,False,Decline,21
no te quieren conmigo | gaby music,No Te Quieren Conmigo — Gaby Music,No Te Quieren Conmigo,Gaby Music & Lunay & Luar La L,gaby music,2024-12-20,2025-04-10,110,1,4,11.854545454545455,8.535770780604166,89.0,84.74545454545455,False,single,1,252040.0,58,100,112,4.200666666666667,50,43,67.0,84.0,2025-01-10,21,2025-02-01,43.0,False,False,True,False,True,True,False,Peak,110
nochentera | vicco,Nochentera — Vicco,Nochentera,Vicco,vicco,2024-05-18,2025-01-09,156,4,9,20.775641025641026,11.369780953970656,83.0,80.55128205128206,False,single,1,202184.0,6,122,237,3.3697333333333335,11,49,81.0,75.0,2024-05-27,9,2024-06-25,38.0,True,False,True,True,True,True,False,Mature,142
noemu | quevedo,NOEMÚ — Quevedo,NOEMÚ,Quevedo,quevedo,2025-11-24,2025-11-27,4,1,15,22.5,5.196152422706632,67.0,64.25,False,album,18,206910.0,0,2,4,3.4485,15,23,61.0,67.0,2025-11-24,0,2025-11-27,3.0,False,True,False,False,False,False,False,New Entry,4
nueva era | duki,Nueva Era — Duki,Nueva Era,Duki,duki,2025-11-03,2025-11-27,25,1,3,10.32,9.638118765263963,83.0,78.76,True,album,15,217547.0,19,21,25,3.625783333333333,8,30,66.0,83.0,2025-11-08,5,2025-11-27,24.0,False,True,False,False,True,False,True,Decline,25
numero telefonico | saiko,NÚMERO TELEFÓNICO — SAIKO,NÚMERO TELEFÓNICO,SAIKO,saiko,2025-04-28,2025-05-09,12,1,14,31.666666666666668,10.932298546744482,72.0,68.91666666666667,True,album,16,190000.0,0,5,12,3.1666666666666665,14,49,61.0,72.0,2025-04-28,0,2025-05-06,8.0,False,False,True,False,False,False,True,Decline,12
oa | anuel aa,OA — Anuel AA,OA,Anuel AA & Quevedo & Maluma,anuel aa,2024-10-16,2025-04-27,192,1,3,21.067708333333332,13.102919180695817,88.0,85.09375,True,single,1,235200.0,56,114,194,3.92,8,45,72.0,83.0,2024-11-11,26,2024-12-12,57.0,False,False,True,False,True,True,True,Mature,192
obvio | myke towers,OBVIO — Myke Towers,OBVIO,Myke Towers,myke towers,2024-11-25,2024-11-25,1,1,25,25.0,,,,True,album,23,162447.0,0,1,1,2.70745,25,25,,,2024-11-25,0,,,False,False,True,False,False,False,True,New Entry,1
offline | young miko,offline — Young Miko,offline,Young Miko,young miko,2025-04-07,2025-06-15,69,2,16,34.73913043478261,9.858785532402706,88.0,84.21739130434783,True,album,16,201935.0,0,16,70,3.3655833333333334,26,48,64.0,81.0,2025-04-09,2,2025-05-13,36.0,False,False,True,True,False,False,True,Decline,56
ohnana | kapo,Ohnana — Kapo,Ohnana,Kapo,kapo,2025-07-04,2025-11-27,145,1,2,8.889655172413793,7.544421450260919,89.0,85.48275862068965,False,single,1,156577.0,95,138,147,2.6096166666666667,40,34,71.0,84.0,2025-08-01,28,2025-08-26,53.0,False,True,False,False,True,True,False,Peak,145
omega | rosalia,Omega (feat. Ralphie Choo) — ROSALÍA,Omega (feat. Ralphie Choo),ROSALÍA,rosalia,2025-09-27,2025-10-10,14,1,3,25.285714285714285,15.213498922028077,73.0,70.5,False,single,1,169500.0,3,9,14,2.825,3,49,63.0,73.0,2025-09-27,0,2025-10-06,9.0,False,False,True,False,True,True,False,Decline,14
orgullosa de papa | cano,Orgullosa De Papá — Cano,Orgullosa De Papá,Cano,cano,2025-11-01,2025-11-23,6,3,45,47.166666666666664,1.9407902170679525,59.0,55.0,False,album,10,174174.0,0,0,23,2.9029,48,45,50.0,59.0,2025-11-16,15,2025-11-23,22.0,False,False,True,True,False,False,False,New Entry,2
otra noche | myke towers,OTRA NOCHE — Myke Towers,OTRA NOCHE,Myke Towers & Darell,myke towers,2025-08-20,2025-11-16,89,1,11,23.707865168539325,8.223030639046941,73.0,69.5909090909091,True,album,20,224120.0,0,55,89,3.735333333333333,41,41,64.0,73.0,2025-09-07,18,2025-11-02,74.0,False,False,True,False,False,False,True,Mature,89
otra oportunidad | myke towers,OTRA OPORTUNIDAD — Myke Towers,OTRA OPORTUNIDAD,Myke Towers,myke towers,2025-08-24,2025-08-24,1,1,25,25.0,,,,True,album,20,169026.0,0,1,1,2.8171,25,25,,,2025-08-24,0,,,False,False,True,False,False,False,True,New Entry,1
otro round | myke towers,OTRO ROUND — Myke Towers,OTRO ROUND,Myke Towers,myke towers,2024-11-25,2024-11-25,1,1,50,50.0,,,,True,album,23,134131.0,0,0,1,2.235516666666667,50,50,,,2024-11-25,0,,,False,False,True,False,False,False,True,New Entry,1
oye bb | omar montes,Oye BB — Omar Montes,Oye BB,Omar Montes & Nicky Jam,omar montes,2024-11-11,2024-11-11,1,1,43,43.0,,25.0,25.0,False,single,1,147662.0,0,0,1,2.4610333333333334,43,43,25.0,25.0,2024-11-11,0,2024-11-11,0.0,False,False,True,False,False,True,False,New Entry,1
pa la vuelta | eladio carrion,PA' LA VUELTA — Eladio Carrion,PA' LA VUELTA,Eladio Carrion & Morad,eladio carrion,2024-08-06,2024-08-06,1,1,49,49.0,,62.0,62.0,True,single,1,224041.0,0,0,1,3.7340166666666668,49,49,62.0,62.0,2024-08-06,0,2024-08-06,0.0,False,False,True,False,False,True,True,New Entry,1
pacto remix | jay wheeler,Pacto (feat. Bryant Myers & Dei V) - Remix — Jay Wheeler,Pacto (feat. Bryant Myers & Dei V) - Remix,Jay Wheeler & Anuel AA & Hades66,jay wheeler,2024-07-29,2024-10-06,66,3,20,37.06060606060606,9.736337627479358,84.0,81.67692307692307,True,single,1,346000.0,0,13,70,5.766666666666667,36,45,,83.0,2024-08-19,21,2024-08-26,28.0,False,False,True,True,False,True,True,Decline,32
pacto | jay wheeler,Pacto (feat. Luar La L) — Jay Wheeler,Pacto (feat. Luar La L),Jay Wheeler,jay wheeler,2024-06-01,2024-07-01,31,1,38,43.774193548387096,2.667204246889173,72.0,70.61290322580645,True,album,9,284021.0,0,0,31,4.7336833333333335,49,46,69.0,72.0,2024-06-22,21,2024-06-24,23.0,False,False,True,False,False,False,True,Mature,31
pasajero | mora,PASAJERO — Mora,PASAJERO,Mora,mora,2024-08-30,2024-10-13,45,1,4,27.77777777777778,12.456996735841576,83.0,81.8409090909091,False,album,15,149538.0,4,19,45,2.4923,4,36,,83.0,2024-08-30,0,2024-09-10,11.0,False,False,True,False,True,False,False,Decline,45
pasaporte | rauw alejandro,Pasaporte — Rauw Alejandro,Pasaporte,Rauw Alejandro & Mr. Naisgai,rauw alejandro,2025-09-29,2025-11-17,2,2,43,46.0,4.242640687119285,64.0,63.5,False,album,1,265119.0,0,0,50,4.41865,49,43,63.0,64.0,2025-11-17,49,2025-11-17,49.0,False,False,True,True,False,False,False,New Entry,1
pasiempre | tainy,PASIEMPRE — Tainy,PASIEMPRE,Tainy,tainy,2024-07-02,2024-07-20,19,1,21,34.0,9.35117342607036,87.0,83.36842105263158,True,album,19,355795.0,0,5,19,5.929916666666666,24,50,73.0,87.0,2024-07-05,3,2024-07-16,14.0,False,False,True,False,False,False,True,Decline,19
passoa | jhayco,Passoa — JHAYCO,Passoa,JHAYCO & Kapo,jhayco,2025-08-17,2025-09-27,40,2,19,34.775,6.62353031593831,79.0,71.25,False,album,1,309280.0,0,2,42,5.1546666666666665,36,44,70.0,70.0,2025-08-26,9,2025-09-03,17.0,False,False,True,True,False,False,False,Decline,1
paz | morad,Paz — Morad,Paz,Morad,morad,2024-05-18,2024-05-20,3,1,44,46.0,1.7320508075688772,66.0,64.66666666666667,False,album,19,186000.0,0,0,3,3.1,44,47,63.0,66.0,2024-05-18,0,2024-05-20,2.0,True,False,True,False,False,False,False,Unclassified,3
pedro | jaxomy,Pedro — Jaxomy,Pedro,Jaxomy & Agatino Romero & Raffaella Carrà,jaxomy,2025-04-14,2025-05-21,35,2,14,33.628571428571426,11.78504963748491,92.0,87.65714285714286,False,single,1,144846.0,0,10,38,2.4141,46,49,77.0,92.0,2025-04-21,7,2025-05-20,36.0,False,False,True,True,False,True,False,Decline,32
peligrosa | floyymenor,PELIGROSA — FloyyMenor,PELIGROSA,FloyyMenor,floyymenor,2025-07-31,2025-11-27,119,1,3,13.588235294117647,12.437240255157347,84.0,79.0,True,album,7,134930.0,73,99,120,2.2488333333333332,49,49,77.0,83.0,2025-09-08,39,2025-10-10,71.0,False,True,False,False,True,False,True,Peak,119
penas de antano | bizarrap,Penas de Antaño — Bizarrap,Penas de Antaño,Bizarrap & Milo j,bizarrap,2024-10-09,2024-10-12,4,1,44,46.5,2.9999999999999996,78.0,76.5,False,single,5,201272.0,0,0,4,3.3545333333333334,48,50,74.0,78.0,2024-10-10,1,2024-10-11,2.0,False,False,True,False,False,True,False,New Entry,4
perdio este culo | bad gyal,Perdió Este Culo — Bad Gyal,Perdió Este Culo,Bad Gyal,bad gyal,2025-01-28,2025-02-24,28,1,18,37.142857142857146,8.338728412317524,78.0,74.07142857142857,True,album,15,159253.0,0,5,28,2.6542166666666667,21,44,62.0,78.0,2025-01-31,3,2025-02-22,25.0,False,False,True,False,False,False,True,Decline,28
perreo lento | chris jedi,PERREO LENTO — Chris Jedi,PERREO LENTO,Chris Jedi & Gaby Music & Dei V,chris jedi,2025-03-02,2025-03-29,26,1,28,36.03846153846154,6.371692203681966,75.0,74.6923076923077,True,single,5,156640.0,0,0,28,2.6106666666666665,43,49,73.0,75.0,2025-03-07,5,2025-03-09,7.0,False,False,True,False,False,True,True,Decline,26
perro negro | bad bunny,PERRO NEGRO — Bad Bunny,PERRO NEGRO,Bad Bunny,bad bunny,2024-10-14,2025-05-31,195,2,2,11.384615384615385,7.837970573568978,97.0,94.63917525773196,True,album,22,162767.0,104,185,230,2.7127833333333333,5,40,,89.0,2024-10-17,3,2024-11-04,21.0,False,False,True,True,True,False,True,Peak,194
perros gata | nicki nicole,PERROS&GATA$ — Nicki Nicole,PERROS&GATA$,Nicki Nicole & SAIKO,nicki nicole,2025-07-04,2025-07-07,4,1,45,46.5,2.3804761428476158,68.0,66.5,False,single,1,179612.0,0,0,4,2.993533333333333,45,50,65.0,68.0,2025-07-04,0,2025-07-07,3.0,False,False,True,False,False,True,False,New Entry,4
peso pluma bzrp music sessions vol 55 | bizarrap,"Peso Pluma: Bzrp Music Sessions, Vol. 55 — Bizarrap","Peso Pluma: Bzrp Music Sessions, Vol. 55",Bizarrap & Peso Pluma,bizarrap,2024-06-03,2024-07-01,29,1,2,18.20689655172414,14.450356669707961,98.0,94.44827586206897,True,single,1,188361.0,8,22,29,3.13935,2,47,82.0,98.0,2024-06-03,0,2024-06-28,25.0,False,False,True,False,True,True,True,Decline,29
pide | mora,PIDE — Mora,PIDE,Mora,mora,2024-08-30,2024-09-02,4,1,15,34.25,14.885675440951054,75.0,72.66666666666667,True,album,15,207903.0,0,1,4,3.46505,15,46,,75.0,2024-08-30,0,2024-09-02,3.0,False,False,True,False,False,False,True,New Entry,4
piribiri | jc reyes,PIRIBIRI — JC Reyes,PIRIBIRI,JC Reyes & Pedro Calderon,jc reyes,2024-08-09,2024-09-29,41,3,37,45.21951219512195,3.5742984984605832,75.0,74.1951219512195,False,single,1,176727.0,0,0,52,2.94545,49,45,72.0,74.0,2024-09-17,39,2024-09-03,25.0,False,False,True,True,False,True,False,Mature,13
playa del ingles | quevedo,PLAYA DEL INGLÉS — Quevedo,PLAYA DEL INGLÉS,Quevedo,quevedo,2024-05-18,2024-12-12,159,2,15,24.31446540880503,8.52036901558674,85.0,82.72955974842768,False,album,16,237525.0,0,114,209,3.95875,15,50,84.0,79.0,2024-05-18,0,2024-07-16,59.0,True,False,True,True,False,False,False,Mature,149
please please please | sabrina carpenter,Please Please Please — Sabrina Carpenter,Please Please Please,Sabrina Carpenter,sabrina carpenter,2025-06-12,2025-06-20,9,1,33,39.333333333333336,3.427827300200521,91.0,87.0,True,single,2,186365.0,0,0,9,3.1060833333333333,39,44,83.0,91.0,2025-06-18,6,2025-06-20,8.0,False,False,True,False,False,True,True,Mature,9
polaris remix | saiko,POLARIS - Remix — Saiko,POLARIS - Remix,Saiko & Feid & Quevedo,saiko,2024-06-11,2025-05-09,324,2,1,17.98148148148148,12.898975034146885,90.0,83.92901234567901,True,single,1,288000.0,118,222,333,4.8,1,50,74.0,66.0,2024-06-11,0,2024-07-10,29.0,False,False,True,True,True,True,True,Mature,312
polaris | saiko,Polaris — Saiko,Polaris,Saiko,saiko,2024-05-18,2024-06-11,25,1,22,36.16,5.983867199952442,78.0,77.68,True,single,3,192122.0,0,3,25,3.2020333333333335,35,46,78.0,78.0,2024-06-10,23,2024-05-18,0.0,True,False,True,False,False,True,True,Growth,25
polvora | mora,PÓLVORA — Mora,PÓLVORA,Mora,mora,2024-08-30,2024-09-09,11,1,8,32.45454545454545,13.84459198650243,81.0,78.1,True,album,15,185326.0,1,4,11,3.088766666666667,8,49,,81.0,2024-08-30,0,2024-09-09,10.0,False,False,True,False,True,False,True,Decline,11
por atras | quevedo,POR ATRÁS — Quevedo,POR ATRÁS,Quevedo,quevedo,2025-11-24,2025-11-27,4,1,11,16.75,3.8622100754188224,68.0,65.5,False,album,18,171685.0,0,4,4,2.8614166666666665,11,19,62.0,68.0,2025-11-24,0,2025-11-27,3.0,False,True,False,False,False,False,False,New Entry,4
potra salvaje hard remix | isabel aaiun,Potra Salvaje - Hard Remix — Isabel Aaiún,Potra Salvaje - Hard Remix,Isabel Aaiún & Fernando Moreno,isabel aaiun,2025-05-29,2025-09-24,114,2,3,13.991228070175438,11.439332561471776,80.0,74.50877192982456,False,single,1,342000.0,57,93,119,5.7,47,48,62.0,74.0,2025-06-18,20,2025-07-28,60.0,False,False,True,True,True,True,False,Peak,112
potra salvaje | isabel aaiun,Potra Salvaje — Isabel Aaiún,Potra Salvaje,Isabel Aaiún,isabel aaiun,2025-07-07,2025-08-28,50,2,14,35.26,8.409930961399754,67.0,64.7,False,album,10,199624.0,0,9,53,3.3270666666666666,48,49,59.0,66.0,2025-07-18,11,2025-08-11,35.0,False,False,True,True,False,False,False,Decline,46
privilegios | feid,PRIVILEGIOS — Feid,PRIVILEGIOS,Feid,feid,2024-09-30,2024-10-01,2,1,46,46.0,0.0,,,False,album,15,185840.0,0,0,2,3.0973333333333333,46,46,,,2024-09-30,0,,,False,False,True,False,False,False,False,New Entry,2
probemas mentales | jzaeb,Probemas Mentales — JZAEB,Probemas Mentales,JZAEB & Eix,jzaeb,2025-03-07,2025-03-07,1,1,48,48.0,,55.0,55.0,True,single,1,229151.0,0,0,1,3.819183333333333,48,48,55.0,55.0,2025-03-07,0,2025-03-07,0.0,False,False,True,False,False,True,True,New Entry,1
problemas mentales | jzaeb,Problemas Mentales — JZAEB,Problemas Mentales,JZAEB & Eix,jzaeb,2025-03-20,2025-03-22,2,2,22,22.5,0.7071067811865476,68.0,67.5,True,single,1,229151.0,0,2,3,3.819183333333333,23,22,67.0,68.0,2025-03-22,2,2025-03-22,2.0,False,False,True,True,False,True,True,New Entry,1
provenza | karol g,PROVENZA — KAROL G,PROVENZA,KAROL G,karol g,2025-07-25,2025-07-30,6,1,45,47.333333333333336,1.9663841605003505,83.0,82.16666666666667,False,album,17,207626.0,0,0,6,3.4604333333333335,50,46,82.0,82.0,2025-07-26,1,2025-07-28,3.0,False,False,True,False,False,False,False,New Entry,6
ptazeta bzrp music sessions vol 45 | paul thin,"Ptazeta: Bzrp Music Sessions, Vol. 45 — Paul Thin","Ptazeta: Bzrp Music Sessions, Vol. 45",Paul Thin & RUSLANA,paul thin,2025-01-18,2025-01-19,2,1,42,46.0,5.656854249492381,59.0,57.0,False,single,1,156973.0,0,0,2,2.616216666666667,42,50,55.0,59.0,2025-01-18,0,2025-01-19,1.0,False,False,True,False,False,True,False,New Entry,2
punto g | quevedo,PUNTO G — Quevedo,PUNTO G,Quevedo,quevedo,2024-05-18,2025-01-13,162,6,23,40.611111111111114,7.0756778750381475,87.0,85.33333333333333,False,album,16,151324.0,0,7,241,2.5220666666666665,27,50,86.0,84.0,2024-05-30,12,2024-07-13,56.0,True,False,True,True,False,False,False,Mature,104
q u e v a s h a c e r h o y | omar courtz,Q U E V A S H A C E R H O Y ? — Omar Courtz,Q U E V A S H A C E R H O Y ?,Omar Courtz,omar courtz,2025-09-25,2025-11-27,64,1,1,4.515625,6.453723393121263,89.0,85.875,True,album,17,224022.0,57,63,64,3.7337,39,14,66.0,89.0,2025-10-02,7,2025-10-23,28.0,False,True,False,False,True,False,True,Peak,64
qlona | karol g,QLONA — KAROL G,QLONA,KAROL G,karol g,2024-08-19,2025-10-19,342,7,8,26.453216374269005,11.863439915698844,94.0,89.99707602339181,True,album,9,172797.0,14,194,427,2.87995,37,50,74.0,85.0,2024-09-14,26,2024-10-13,55.0,False,False,True,True,True,False,True,Mature,222
que asco de todo | quevedo,QUE ASCO DE TODO — Quevedo,QUE ASCO DE TODO,Quevedo,quevedo,2025-11-24,2025-11-27,4,1,19,28.75,6.849574196011505,66.0,63.5,False,album,18,190304.0,0,1,4,3.1717333333333335,19,35,61.0,66.0,2025-11-24,0,2025-11-27,3.0,False,True,False,False,False,False,False,New Entry,4
que me lleve el aire | luis cortes,Que Me Lleve el Aire — Luis Cortés,Que Me Lleve el Aire,Luis Cortés,luis cortes,2025-10-10,2025-10-17,8,1,42,46.375,2.669269563007828,67.0,67.0,False,single,1,170172.0,0,0,8,2.8362,50,48,67.0,67.0,2025-10-13,3,2025-10-10,0.0,False,False,True,False,False,True,False,Decline,8
que pasaria | rauw alejandro,Qué Pasaría... — Rauw Alejandro,Qué Pasaría...,Rauw Alejandro,rauw alejandro,2025-11-17,2025-11-27,11,1,1,4.454545454545454,4.083225106790865,86.0,80.81818181818181,True,album,18,191018.0,10,11,11,3.1836333333333333,1,7,72.0,86.0,2025-11-17,0,2025-11-27,10.0,False,True,False,False,True,False,True,Decline,11
que pecao | manuel turizo,Qué Pecao — Manuel Turizo,Qué Pecao,Manuel Turizo & Kapo,manuel turizo,2025-10-06,2025-11-27,53,1,13,21.41509433962264,8.23088452640922,77.0,72.24528301886792,False,single,1,230073.0,0,41,53,3.83455,29,44,58.0,55.0,2025-10-13,7,2025-11-03,28.0,False,True,False,False,False,True,False,Mature,53
que te vaya bien | rvfv,Que te vaya bien — Rvfv,Que te vaya bien,Rvfv,rvfv,2024-05-18,2024-06-07,21,1,26,37.904761904761905,5.300044923439442,77.0,77.0,False,single,1,204960.0,0,0,21,3.416,26,46,77.0,77.0,2024-05-18,0,2024-05-18,0.0,True,False,True,False,False,True,False,Decline,21
quevedo 49 after hour the mixtape | dj saot st,QUEVEDO #49 AFTER HOUR THE MIXTAPE — DJ Saot ST,QUEVEDO #49 AFTER HOUR THE MIXTAPE,DJ Saot ST,dj saot st,2024-06-04,2024-06-04,1,1,48,48.0,,20.0,20.0,False,album,49,120000.0,0,0,1,2.0,48,48,20.0,20.0,2024-06-04,0,2024-06-04,0.0,False,False,True,False,False,False,False,New Entry,1
quevedo bzrp music sessions vol 52 | bizarrap,"Quevedo: Bzrp Music Sessions, Vol. 52 — Bizarrap","Quevedo: Bzrp Music Sessions, Vol. 52",Bizarrap & Quevedo,bizarrap,2024-05-18,2025-01-03,133,4,27,36.090225563909776,5.841931299867524,94.0,92.06766917293233,False,single,1,198937.0,0,0,231,3.3156166666666667,31,43,93.0,87.0,2024-05-29,11,2024-07-02,45.0,True,False,True,True,False,True,False,Mature,104
quickie | dei v,Quickie — Dei V,Quickie,Dei V,dei v,2025-11-19,2025-11-25,7,1,31,42.42857142857143,8.263517065131184,68.0,66.57142857142857,True,single,1,123673.0,0,0,7,2.0612166666666667,49,50,65.0,68.0,2025-11-23,4,2025-11-24,5.0,False,False,True,False,False,True,True,New Entry,7
quien es dei v | dei v,Quien Es Dei V? — Dei V,Quien Es Dei V?,Dei V,dei v,2024-09-24,2025-06-16,197,2,10,29.096446700507613,10.961241437002334,82.0,79.66497461928934,True,single,1,162244.0,3,97,266,2.704066666666667,37,50,68.0,13.0,2024-10-04,10,2024-10-23,29.0,False,False,True,True,True,True,True,Mature,196
quizas si quizas no | alvaro diaz,QUIZÁS SI QUIZÁS NO — Alvaro Diaz,QUIZÁS SI QUIZÁS NO,Alvaro Diaz & Quevedo,alvaro diaz,2024-11-25,2024-12-23,29,1,13,35.172413793103445,9.971634647185276,79.0,76.25,False,single,1,203213.0,0,5,29,3.3868833333333335,13,47,,78.0,2024-11-25,0,2024-12-14,19.0,False,False,True,False,False,True,False,Decline,29
rang rov r | cruz cafune,rang€ rov€r — Cruz Cafuné,rang€ rov€r,Cruz Cafuné,cruz cafune,2025-07-21,2025-07-21,1,1,47,47.0,,53.0,53.0,True,single,6,117213.0,0,0,1,1.95355,47,47,53.0,53.0,2025-07-21,0,2025-07-21,0.0,False,False,True,False,False,True,True,New Entry,1
rapapa | jc reyes,RAPAPA — JC Reyes,RAPAPA,JC Reyes,jc reyes,2025-10-20,2025-11-26,38,1,8,22.157894736842106,11.762345592034697,71.0,66.5,False,single,6,120888.0,3,25,38,2.0148,28,50,51.0,71.0,2025-11-01,12,2025-11-18,29.0,False,False,True,False,True,True,False,Decline,38
rapeadita love | rels b,Rapeadita LOVE — Rels B,Rapeadita LOVE,Rels B,rels b,2025-04-28,2025-04-28,1,1,44,44.0,,65.0,65.0,True,album,13,140439.0,0,0,1,2.34065,44,44,65.0,65.0,2025-04-28,0,2025-04-28,0.0,False,False,True,False,False,False,True,New Entry,1
rapido | dei v,Rapido (with Cris Mj) — Dei V,Rapido (with Cris Mj),Dei V,dei v,2025-06-16,2025-11-27,162,2,5,14.462962962962964,8.60819982399339,81.0,78.14197530864197,True,album,16,146000.0,69,143,165,2.433333333333333,33,48,26.0,76.0,2025-08-22,67,2025-08-11,56.0,False,True,False,True,True,False,True,Peak,1
rapido | mora,RÁPIDO — Mora,RÁPIDO,Mora,mora,2024-05-18,2024-05-24,7,1,41,44.0,2.7688746209726918,82.0,81.71428571428571,True,single,1,182857.0,0,0,7,3.047616666666667,41,44,81.0,82.0,2024-05-18,0,2024-05-20,2.0,True,False,True,False,False,True,True,Decline,7
rara vez | taiu,Rara Vez — Taiu,Rara Vez,Taiu & Milo j,taiu,2024-05-18,2024-12-13,147,5,15,33.142857142857146,9.055385138137423,92.0,89.77551020408163,False,single,1,128677.0,0,33,210,2.144616666666667,16,49,92.0,88.0,2024-05-20,2,2024-05-18,0.0,True,False,True,True,False,True,False,Mature,129
rauw alejandro bzrp music sessions vol 56 | bizarrap,"Rauw Alejandro: Bzrp Music Sessions, Vol. 56 — Bizarrap","Rauw Alejandro: Bzrp Music Sessions, Vol. 56",Bizarrap & Rauw Alejandro,bizarrap,2024-06-24,2024-10-13,111,2,1,23.08108108108108,14.549686116661286,93.0,87.98198198198199,True,single,1,191254.0,27,63,112,3.1875666666666667,1,48,78.0,83.0,2024-06-24,0,2024-07-11,17.0,False,False,True,True,True,True,True,Decline,105
razones | ozuna,Razones — Ozuna,Razones,Ozuna & Anuel AA & Mambo Kingz,ozuna,2025-06-30,2025-07-05,6,1,16,32.666666666666664,13.246383154154445,71.0,67.5,False,single,1,222727.0,0,2,6,3.7121166666666667,16,46,61.0,71.0,2025-06-30,0,2025-07-05,5.0,False,False,True,False,False,True,False,New Entry,6
real gangsta love | trueno,REAL GANGSTA LOVE — Trueno,REAL GANGSTA LOVE,Trueno,trueno,2025-06-06,2025-11-16,154,2,1,18.272727272727273,15.00512885182177,92.0,87.66233766233766,True,album,13,145342.0,70,101,164,2.4223666666666666,49,48,75.0,82.0,2025-06-12,6,2025-07-13,37.0,False,False,True,True,True,False,True,Peak,148
reina | mora,REINA — Mora,REINA,Mora,mora,2024-08-30,2025-04-17,229,1,1,15.445414847161572,11.666898685460339,89.0,84.96052631578948,True,album,15,211879.0,101,180,231,3.5313166666666667,1,45,,79.0,2024-08-30,0,2024-10-04,35.0,False,False,True,False,True,False,True,Peak,229
remember me | duki,Remember Me — Duki,Remember Me,Duki,duki,2024-07-19,2024-07-22,4,1,43,45.25,2.06155281280883,63.0,61.0,False,album,15,170624.0,0,0,4,2.8437333333333332,43,48,59.0,63.0,2024-07-19,0,2024-07-22,3.0,False,False,True,False,False,False,False,New Entry,4
remix exclusivo | feid,REMIX EXCLUSIVO — Feid,REMIX EXCLUSIVO,Feid,feid,2024-05-18,2024-06-04,17,2,43,47.1764705882353,2.480808691678155,88.0,87.23529411764706,True,single,1,206946.0,0,0,18,3.4491,50,49,88.0,87.0,2024-05-20,2,2024-05-18,0.0,True,False,True,True,False,True,True,Mature,12
revolu | rauw alejandro,Revolú — Rauw Alejandro,Revolú,Rauw Alejandro,rauw alejandro,2025-11-17,2025-11-23,7,1,10,24.428571428571427,7.480132415430956,77.0,73.14285714285714,True,album,18,215511.0,1,4,7,3.59185,10,29,67.0,77.0,2025-11-17,0,2025-11-23,6.0,False,False,True,False,True,False,True,New Entry,7
ride or die pt 2 | sevdaliza,"Ride Or Die, Pt. 2 (with Villano Antillano & Tokischa) — Sevdaliza","Ride Or Die, Pt. 2 (with Villano Antillano & Tokischa)",Sevdaliza & Villano Antillano & Tokischa,sevdaliza,2025-04-26,2025-05-12,5,2,26,40.0,10.36822067666386,86.0,83.4,True,single,2,158728.0,0,0,17,2.6454666666666666,33,49,79.0,86.0,2025-04-27,1,2025-05-11,15.0,False,False,True,True,False,True,True,New Entry,2
ritmo de medallo | feid,RITMO DE MEDALLO — Feid,RITMO DE MEDALLO,Feid,feid,2024-09-30,2024-10-01,2,1,37,37.0,0.0,,,False,album,15,118693.0,0,0,2,1.9782166666666667,37,37,,,2024-09-30,0,,,False,False,True,False,False,False,False,New Entry,2
ritual | myke towers,RITUAL — Myke Towers,RITUAL,Myke Towers,myke towers,2024-11-25,2024-11-25,1,1,48,48.0,,,,True,album,23,154432.0,0,0,1,2.5738666666666665,48,48,,,2024-11-25,0,,,False,False,True,False,False,False,True,New Entry,1
rko | eladio carrion,RKO — Eladio Carrion,RKO,Eladio Carrion,eladio carrion,2025-01-21,2025-01-24,4,1,20,38.25,12.606215398233788,73.0,69.75,True,album,17,106666.0,0,1,4,1.7777666666666667,20,45,67.0,73.0,2025-01-21,0,2025-01-24,3.0,False,False,True,False,False,False,True,New Entry,4
rockin around the christmas tree | brenda lee,Rockin' Around The Christmas Tree — Brenda Lee,Rockin' Around The Christmas Tree,Brenda Lee,brenda lee,2024-12-24,2024-12-27,4,1,7,19.0,18.76166303929372,98.0,98.0,False,album,12,126266.0,1,3,4,2.104433333333333,47,11,98.0,98.0,2024-12-25,1,2024-12-24,0.0,False,False,True,False,True,False,False,New Entry,4
rockstar 2 0 | duki,RoCKSTAR 2.0 — Duki,RoCKSTAR 2.0,Duki & Jhayco,duki,2024-06-24,2024-07-02,9,1,14,21.77777777777778,9.297550453987569,78.0,74.0,True,album,14,173729.0,0,7,9,2.8954833333333334,14,43,71.0,78.0,2024-06-24,0,2024-07-01,7.0,False,False,True,False,False,False,True,Decline,9
romero santo | dellafuente,Romero Santo — DELLAFUENTE,Romero Santo,DELLAFUENTE,dellafuente,2025-06-16,2025-06-21,5,2,31,40.6,5.412947441089743,53.0,45.4,False,album,10,191414.0,0,0,6,3.1902333333333335,31,43,31.0,53.0,2025-06-16,0,2025-06-21,5.0,False,False,True,True,False,False,False,New Entry,1
rompeolas | martin urrutia,rompeolas — Martin Urrutia,rompeolas,Martin Urrutia,martin urrutia,2025-04-12,2025-04-18,2,2,39,42.0,4.242640687119285,69.0,68.5,False,single,1,162519.0,0,0,7,2.70865,45,39,68.0,69.0,2025-04-18,6,2025-04-18,6.0,False,False,True,True,False,True,False,New Entry,1
rosas | la oreja de van gogh,Rosas — La Oreja de Van Gogh,Rosas,La Oreja de Van Gogh,la oreja de van gogh,2025-10-17,2025-10-26,10,1,30,42.5,6.851601597031489,81.0,70.2,False,album,12,237026.0,0,0,10,3.9504333333333332,38,50,69.0,69.0,2025-10-19,2,2025-10-20,3.0,False,False,True,False,False,False,False,Decline,10
rueda | rvfv,RUEDA — Rvfv,RUEDA,Rvfv,rvfv,2025-06-02,2025-08-14,70,2,21,40.9,7.227463724160638,67.0,63.3,False,album,20,213120.0,0,3,74,3.552,47,48,36.0,66.0,2025-06-19,17,2025-07-20,48.0,False,False,True,True,False,False,False,Growth,1
s91 | karol g,S91 — KAROL G,S91,KAROL G,karol g,2024-07-16,2024-09-04,49,2,21,35.10204081632653,6.786152868032026,89.0,80.77551020408163,False,single,1,173005.0,0,1,51,2.8834166666666667,49,48,74.0,80.0,2024-08-13,28,2024-08-04,19.0,False,False,True,True,False,True,False,Decline,45
sangre y fe | cruz cafune,Sangre y Fe — Cruz Cafuné,Sangre y Fe,Cruz Cafuné,cruz cafune,2024-05-28,2024-06-16,20,1,6,30.65,16.345850914077957,74.0,71.45,True,album,23,231500.0,3,8,20,3.8583333333333334,6,50,61.0,74.0,2024-05-28,0,2024-06-09,12.0,False,False,True,False,True,False,True,Decline,20
santa tell me | ariana grande,Santa Tell Me — Ariana Grande,Santa Tell Me,Ariana Grande,ariana grande,2024-12-25,2024-12-27,3,1,17,25.0,6.928203230275509,96.0,96.0,False,single,1,204093.0,0,1,3,3.40155,17,29,96.0,96.0,2024-12-25,0,2024-12-25,0.0,False,False,True,False,False,True,False,New Entry,3
santa | rvssian,Santa — Rvssian,Santa,Rvssian & Rauw Alejandro & Ayra Starr,rvssian,2025-04-16,2025-11-27,224,1,1,12.111607142857142,8.24137266567153,93.0,82.60714285714286,False,single,2,193038.0,85,214,226,3.2173,34,43,74.0,83.0,2025-04-21,5,2025-05-18,32.0,False,True,False,False,True,True,False,Mature,224
se fue | rauw alejandro,Se Fue — Rauw Alejandro,Se Fue,Rauw Alejandro,rauw alejandro,2025-11-17,2025-11-27,11,1,5,13.363636363636363,8.732384866377881,80.0,76.63636363636364,False,album,18,240179.0,7,10,11,4.002983333333333,5,24,69.0,80.0,2025-11-17,0,2025-11-25,8.0,False,True,False,False,True,False,False,Decline,11
se grita | morad,Se Grita — Morad,Se Grita,Morad,morad,2024-07-21,2024-08-05,16,1,46,47.125,1.4083086782851733,85.0,84.5,True,album,19,259627.0,0,0,16,4.327116666666667,50,49,84.0,85.0,2024-07-25,4,2024-07-29,8.0,False,False,True,False,False,False,True,Mature,16
se me olvida | maisak,SE ME OLVIDA — Maisak,SE ME OLVIDA,Maisak & Feid,maisak,2025-08-24,2025-11-16,79,3,11,31.025316455696203,9.652918628041862,87.0,84.44871794871794,True,single,1,225373.0,0,28,85,3.7562166666666665,48,42,,84.0,2025-09-01,8,2025-09-16,23.0,False,False,True,True,False,True,True,Decline,71
se pone las nike | cano,Se Pone Las Nike — Cano,Se Pone Las Nike,Cano,cano,2025-11-06,2025-11-27,22,1,6,15.045454545454545,11.532468751218689,72.0,66.54545454545455,False,album,10,159375.0,10,18,22,2.65625,49,12,57.0,72.0,2025-11-14,8,2025-11-24,18.0,False,True,False,False,True,False,False,Growth,22
se te nota | myke towers,SE TE NOTA (feat. Peso Pluma) — Myke Towers,SE TE NOTA (feat. Peso Pluma),Myke Towers,myke towers,2025-08-24,2025-08-25,2,1,27,37.0,14.142135623730951,63.0,63.0,True,album,20,190106.0,0,0,2,3.168433333333333,27,47,,63.0,2025-08-24,0,2025-08-25,1.0,False,False,True,False,False,False,True,New Entry,2
seda | bad bunny,SEDA — Bad Bunny,SEDA,Bad Bunny,bad bunny,2024-10-14,2025-02-13,119,3,6,25.201680672268907,12.832413826284984,90.0,86.05084745762711,True,album,22,190476.0,21,61,123,3.1746,6,50,,83.0,2024-10-14,0,2024-10-28,14.0,False,False,True,True,True,False,True,Decline,72
sexesexy | mushkaa,SexeSexy — Mushkaa,SexeSexy,Mushkaa,mushkaa,2025-03-31,2025-04-13,6,3,40,44.333333333333336,3.2041639575194445,57.0,52.5,False,album,9,232800.0,0,0,14,3.88,40,43,40.0,57.0,2025-03-31,0,2025-04-12,12.0,False,False,True,True,False,False,False,New Entry,1
sexo desenfrenado | myke towers,SEXO DESENFRENADO — Myke Towers,SEXO DESENFRENADO,Myke Towers,myke towers,2025-08-24,2025-08-24,1,1,45,45.0,,,,True,album,20,243360.0,0,0,1,4.056,45,45,,,2025-08-24,0,,,False,False,True,False,False,False,True,New Entry,1
seya | gims,SEYA — GIMS,SEYA,GIMS,gims,2024-10-21,2025-02-27,109,3,21,31.03669724770642,6.739774979077825,75.0,67.90825688073394,False,album,21,188484.0,0,21,130,3.1414,50,50,51.0,68.0,2024-12-20,60,2025-01-10,81.0,False,False,True,True,False,False,False,Mature,106
shakira bzrp music sessions vol 53 | bizarrap,"Shakira: Bzrp Music Sessions, Vol. 53 — Bizarrap","Shakira: Bzrp Music Sessions, Vol. 53",Bizarrap & Shakira,bizarrap,2024-05-18,2024-07-18,61,2,30,41.885245901639344,6.036274680782668,95.0,93.67213114754098,False,single,1,214945.0,0,0,62,3.5824166666666666,33,50,95.0,93.0,2024-05-23,5,2024-05-18,0.0,True,False,True,True,False,True,False,Mature,45
shars 2023 | al safir,Shars 2023 — Al Safir,Shars 2023,Al Safir,al safir,2024-11-30,2024-12-01,2,1,21,21.0,0.0,55.0,41.5,False,single,1,163342.0,0,2,2,2.722366666666667,21,21,28.0,55.0,2024-11-30,0,2024-12-01,1.0,False,False,True,False,False,True,False,New Entry,2
shibatto | quevedo,SHIBATTO — Quevedo,SHIBATTO,Quevedo,quevedo,2025-11-24,2025-11-27,4,1,3,3.75,0.9574271077563381,71.0,67.75,False,album,18,138226.0,4,4,4,2.3037666666666667,5,3,64.0,71.0,2025-11-26,2,2025-11-27,3.0,False,True,False,False,True,False,False,New Entry,4
si antes te hubiera conocido | karol g,Si Antes Te Hubiera Conocido — KAROL G,Si Antes Te Hubiera Conocido,KAROL G,karol g,2025-06-22,2025-11-27,157,1,1,2.4394904458598727,2.663469829669933,96.0,93.33974358974359,False,single,1,195824.0,153,157,159,3.263733333333333,6,15,,93.0,2025-07-02,10,2025-08-11,50.0,False,True,False,False,True,True,False,Peak,157
si la calle llama remix | eladio carrion,Si La Calle Llama - Remix — Eladio Carrion,Si La Calle Llama - Remix,Eladio Carrion,eladio carrion,2024-05-18,2024-08-29,104,1,20,32.57692307692308,6.874311697502064,87.0,85.63461538461539,True,album,18,240000.0,0,15,104,4.0,22,46,87.0,83.0,2024-05-19,1,2024-05-18,0.0,True,False,True,False,False,False,True,Mature,104
si no es contigo | cris mj,SI NO ES CONTIGO — Cris Mj,SI NO ES CONTIGO,Cris Mj,cris mj,2025-06-18,2025-09-20,92,2,31,38.59782608695652,5.465294664665364,90.0,88.23913043478261,True,single,1,156000.0,0,0,95,2.6,44,47,82.0,89.0,2025-08-09,52,2025-08-12,55.0,False,False,True,True,False,True,True,Mature,65
si no estas | inigo quintero,Si No Estás — iñigo quintero,Si No Estás,iñigo quintero,inigo quintero,2024-09-20,2025-04-03,187,6,1,14.81283422459893,15.747068202613056,99.0,93.47058823529412,False,single,1,184061.0,105,136,196,3.0676833333333335,48,50,60.0,89.0,2024-09-29,9,2024-11-02,43.0,False,False,True,True,True,True,False,Peak,177
si sabe ferxxo | blessd,SI SABE FERXXO — Blessd,SI SABE FERXXO,Blessd,blessd,2025-01-28,2025-02-28,31,2,27,39.806451612903224,6.645396174990671,86.0,82.25806451612904,True,album,14,152500.0,0,0,32,2.5416666666666665,50,50,68.0,86.0,2025-02-01,4,2025-02-21,24.0,False,False,True,True,False,False,True,Decline,2
si si si si | the academy: segunda mision,"SI SI SI SI (feat. Eladio Carrion, Bryant Myers, Dei V) — The Academy: Segunda Misión","SI SI SI SI (feat. Eladio Carrion, Bryant Myers, Dei V)",The Academy: Segunda Misión,the academy: segunda mision,2025-03-31,2025-06-08,59,3,16,38.16949152542373,10.882051883044474,76.0,73.49152542372882,True,album,9,241958.0,0,12,70,4.032633333333333,16,50,42.0,73.0,2025-03-31,0,2025-04-21,21.0,False,False,True,True,False,False,True,Decline,2
si te pegas | rauw alejandro,SI TE PEGAS — Rauw Alejandro,SI TE PEGAS,Rauw Alejandro,rauw alejandro,2024-07-09,2024-07-12,4,1,30,36.75,5.315072906367326,77.0,75.0,True,album,14,183652.0,0,0,4,3.0608666666666666,30,43,,77.0,2024-07-09,0,2024-07-12,3.0,False,False,True,False,False,False,True,New Entry,4
sigo enamorau | eladio carrion,Sigo Enamorau' — Eladio Carrion,Sigo Enamorau',Eladio Carrion,eladio carrion,2025-01-21,2025-01-21,1,1,17,17.0,,68.0,68.0,True,album,17,194941.0,0,1,1,3.249016666666667,17,17,68.0,68.0,2025-01-21,0,2025-01-21,0.0,False,False,True,False,False,False,True,New Entry,1
sin gato miau | rels b,Sin Gato (MIAU!) — Rels B,Sin Gato (MIAU!),Rels B,rels b,2024-05-28,2024-06-03,3,2,45,47.666666666666664,2.5166114784235836,74.0,68.0,False,single,1,148800.0,0,0,7,2.48,45,48,63.0,74.0,2024-05-28,0,2024-06-03,6.0,False,False,True,True,False,True,False,New Entry,2
sleigh ride | the ronettes,Sleigh Ride — The Ronettes,Sleigh Ride,The Ronettes,the ronettes,2024-12-25,2024-12-27,3,1,28,42.666666666666664,12.701705922171767,84.0,84.0,False,album,15,181266.0,0,0,3,3.0211,28,50,84.0,84.0,2024-12-25,0,2024-12-25,0.0,False,False,True,False,False,False,False,New Entry,3
snowman | sia,Snowman — Sia,Snowman,Sia,sia,2024-12-25,2024-12-27,3,1,27,37.0,8.660254037844387,94.0,94.0,False,album,13,165900.0,0,0,3,2.765,27,42,94.0,94.0,2024-12-25,0,2024-12-25,0.0,False,False,True,False,False,False,False,New Entry,3
sofi remix | samueliyo baby,Sofi - Remix — Samueliyo Baby,Sofi - Remix,Samueliyo Baby & KEVIN ROLDAN,samueliyo baby,2024-12-12,2024-12-14,3,1,22,32.333333333333336,9.291573243177568,69.0,68.0,False,single,1,171606.0,0,1,3,2.8601,22,40,67.0,69.0,2024-12-12,0,2024-12-14,2.0,False,False,True,False,False,True,False,New Entry,3
solita y sueltaaa | rels b,Solita y SueltAAA — Rels B,Solita y SueltAAA,Rels B,rels b,2024-07-23,2024-07-25,3,1,49,49.666666666666664,0.5773502691896247,70.0,67.33333333333333,False,album,9,155789.0,0,0,3,2.5964833333333335,50,49,64.0,70.0,2024-07-25,2,2024-07-25,2.0,False,False,True,False,False,False,False,New Entry,3
soltera | shakira,Soltera — Shakira,Soltera,Shakira,shakira,2025-09-28,2025-11-27,61,1,5,13.344262295081966,8.28026820399283,87.0,83.85245901639344,False,single,1,214642.0,29,54,61,3.577366666666667,38,33,65.0,86.0,2025-10-14,16,2025-11-01,34.0,False,True,False,False,True,True,False,Peak,61
sonrisa | eladio carrion,Sonrisa — Eladio Carrion,Sonrisa,Eladio Carrion,eladio carrion,2025-01-21,2025-01-21,1,1,16,16.0,,68.0,68.0,True,album,17,152380.0,0,1,1,2.5396666666666667,16,16,68.0,68.0,2025-01-21,0,2025-01-21,0.0,False,False,True,False,False,False,True,New Entry,1
sorry 4 that much | feid,SORRY 4 THAT MUCH — Feid,SORRY 4 THAT MUCH,Feid,feid,2025-06-09,2025-07-17,38,1,9,24.263157894736842,11.783369431685687,88.0,81.44736842105263,True,single,1,207746.0,5,25,39,3.4624333333333333,43,48,63.0,88.0,2025-06-17,8,2025-07-14,35.0,False,False,True,False,True,True,True,Decline,38
spanish teteo | rvfv,SPANISH TETEO — Rvfv,SPANISH TETEO,Rvfv & Rels B & Omar Montes,rvfv,2024-09-10,2024-09-11,2,1,50,50.0,0.0,63.0,61.0,True,single,1,181176.0,0,0,2,3.0196,50,50,59.0,63.0,2024-09-10,0,2024-09-11,1.0,False,False,True,False,False,True,True,New Entry,2
sport rmx | clarent,Sport+ RMX — Clarent,Sport+ RMX,Clarent & Myke Towers,clarent,2025-08-15,2025-08-23,9,1,47,48.666666666666664,0.9999999999999993,71.0,70.22222222222223,True,single,1,219813.0,0,0,9,3.66355,48,48,69.0,71.0,2025-08-17,2,2025-08-20,5.0,False,False,True,False,False,True,True,Mature,9
star | jc reyes,STAR — JC Reyes,STAR,JC Reyes,jc reyes,2025-10-20,2025-11-27,37,2,7,15.513513513513514,10.576760745515044,73.0,67.62162162162163,False,single,6,156000.0,20,33,39,2.6,50,21,49.0,73.0,2025-11-15,26,2025-11-22,33.0,False,True,False,True,True,True,False,Peak,1
suano | ntg,Suano — NTG,Suano,NTG & Amenazzy,ntg,2025-05-16,2025-08-09,80,2,6,23.55,12.46351637806639,76.0,73.7375,True,single,1,137264.0,13,52,86,2.287733333333333,34,50,69.0,74.0,2025-06-02,17,2025-07-04,49.0,False,False,True,True,True,True,True,Decline,79
supernova | saiko,Supernova — Saiko,Supernova,Saiko,saiko,2024-05-18,2025-05-03,207,8,1,24.10144927536232,15.417313046660407,85.0,80.3719806763285,False,single,1,190909.0,38,118,351,3.1818166666666667,1,45,84.0,63.0,2024-05-18,0,2024-06-17,30.0,True,False,True,True,True,True,False,Mature,149
t as peur | aya nakamura,T'as peur — Aya Nakamura,T'as peur,Aya Nakamura,aya nakamura,2024-05-18,2024-05-21,4,1,45,46.0,2.0,70.0,70.0,False,album,15,215284.0,0,0,4,3.5880666666666667,45,49,70.0,70.0,2024-05-18,0,2024-05-18,0.0,True,False,True,False,False,False,False,Decline,4
tacos gucci | anuel aa,Tacos Gucci — Anuel AA,Tacos Gucci,Anuel AA,anuel aa,2025-02-18,2025-03-05,13,3,19,33.38461538461539,10.364510452649316,84.0,79.53846153846153,True,single,1,207157.0,0,3,16,3.4526166666666667,32,49,67.0,84.0,2025-02-22,4,2025-02-28,10.0,False,False,True,True,False,True,True,Decline,6
tambien | myke towers,TAMBIÉN — Myke Towers,TAMBIÉN,Myke Towers,myke towers,2025-08-24,2025-11-27,88,2,5,11.875,9.530124650919786,80.0,77.52873563218391,True,album,20,139546.0,56,81,96,2.3257666666666665,41,45,,80.0,2025-10-06,43,2025-11-13,81.0,False,True,False,True,True,False,True,Peak,1
tanta droga | eladio carrion,Tanta Droga — Eladio Carrion,Tanta Droga,Eladio Carrion,eladio carrion,2025-01-21,2025-01-21,1,1,27,27.0,,68.0,68.0,True,album,17,248878.0,0,0,1,4.147966666666667,27,27,68.0,68.0,2025-01-21,0,2025-01-21,0.0,False,False,True,False,False,False,True,New Entry,1
taste | sabrina carpenter,Taste — Sabrina Carpenter,Taste,Sabrina Carpenter,sabrina carpenter,2025-08-29,2025-09-03,6,1,47,48.666666666666664,1.2110601416389974,92.0,89.66666666666667,False,album,12,157279.0,0,0,6,2.6213166666666665,48,50,87.0,92.0,2025-08-31,2,2025-09-03,5.0,False,False,True,False,False,False,False,New Entry,6
tattoo | loreen,Tattoo — Loreen,Tattoo,Loreen,loreen,2024-05-18,2024-06-02,16,1,21,37.1875,7.968427281046952,93.0,91.4375,False,single,1,183374.0,0,2,16,3.056233333333333,21,48,89.0,93.0,2024-05-18,0,2024-06-01,14.0,True,False,True,False,False,True,False,Decline,16
te falle | quevedo,TE FALLÉ — Quevedo,TE FALLÉ,Quevedo,quevedo,2025-11-24,2025-11-27,4,1,17,25.25,5.5,67.0,64.25,False,album,18,219460.0,0,1,4,3.6576666666666666,17,28,61.0,67.0,2025-11-24,0,2025-11-27,3.0,False,True,False,False,False,False,False,New Entry,4
te menti | ozuna,Te Menti — Ozuna,Te Menti,Ozuna & Saiko & Ovy On The Drums,ozuna,2024-09-19,2024-09-29,11,1,38,45.45454545454545,5.145165427148799,77.0,73.18181818181819,False,single,1,187129.0,0,0,11,3.1188166666666666,44,50,67.0,77.0,2024-09-20,1,2024-09-29,10.0,False,False,True,False,False,True,False,Decline,11
telefono nuevo | bad bunny,TELEFONO NUEVO — Bad Bunny,TELEFONO NUEVO,Bad Bunny,bad bunny,2024-10-14,2024-10-28,15,1,9,30.466666666666665,14.96121971090911,89.0,86.57142857142857,True,album,22,354784.0,2,7,15,5.9130666666666665,9,50,,89.0,2024-10-14,0,2024-10-24,10.0,False,False,True,False,True,False,True,Decline,15
tengo un plan | key-key,Tengo Un Plan — Key-Key,Tengo Un Plan,Key-Key,key-key,2025-04-04,2025-06-11,69,1,11,26.391304347826086,11.176679228096997,81.0,77.8695652173913,False,single,1,189282.0,0,34,69,3.1547,39,47,68.0,74.0,2025-04-14,10,2025-05-19,45.0,False,False,True,False,False,True,False,Mature,69
thalia remix | cyril kamer,Thalía - Remix — Cyril Kamer,Thalía - Remix,Cyril Kamer & Rvfv & Polimá Westcoast,cyril kamer,2025-07-18,2025-08-23,34,3,25,37.05882352941177,8.249669144772867,72.0,69.17647058823529,False,single,1,230857.0,0,3,37,3.8476166666666667,50,47,60.0,72.0,2025-08-04,17,2025-08-11,24.0,False,False,True,True,False,True,False,Decline,3
thalia | cyril kamer,Thalía — Cyril Kamer,Thalía,Cyril Kamer,cyril kamer,2025-03-15,2025-06-04,81,1,9,26.765432098765434,13.196847734343862,77.0,73.67901234567901,False,single,1,183428.0,17,37,82,3.0571333333333333,45,44,63.0,73.0,2025-04-09,25,2025-04-17,33.0,False,False,True,False,True,True,False,Decline,81
the code | nemo,The Code — Nemo,The Code,Nemo,nemo,2025-05-14,2025-05-18,5,1,24,36.8,11.840608092492548,83.0,79.8,False,single,1,180141.0,0,1,5,3.00235,24,49,74.0,83.0,2025-05-14,0,2025-05-18,4.0,False,False,True,False,False,True,False,New Entry,5
the emptiness machine | linkin park,The Emptiness Machine — Linkin Park,The Emptiness Machine,Linkin Park,linkin park,2025-09-11,2025-10-02,17,3,30,38.11764705882353,6.9181134796739965,93.0,91.11764705882354,True,single,1,190427.0,0,0,22,3.173783333333333,36,46,86.0,93.0,2025-09-13,2,2025-09-21,10.0,False,False,True,True,False,True,True,Decline,11
thunder y lightning | bad bunny,THUNDER Y LIGHTNING — Bad Bunny,THUNDER Y LIGHTNING,Bad Bunny,bad bunny,2024-10-14,2024-11-17,35,1,14,31.65714285714286,12.99081770089224,87.0,85.82352941176471,True,album,22,217133.0,0,15,35,3.6188833333333332,14,47,,86.0,2024-10-14,0,2024-10-24,10.0,False,False,True,False,False,False,True,Decline,35
timeless | the weeknd,Timeless (with Playboi Carti) — The Weeknd,Timeless (with Playboi Carti),The Weeknd & Playboi Carti,the weeknd,2025-09-29,2025-09-29,1,1,50,50.0,,79.0,79.0,True,single,1,256000.0,0,0,1,4.266666666666667,50,50,79.0,79.0,2025-09-29,0,2025-09-29,0.0,False,False,True,False,False,True,True,New Entry,1
todo contigo | alvaro de luna,Todo Contigo — Álvaro De Luna,Todo Contigo,Álvaro De Luna,alvaro de luna,2024-05-18,2024-09-23,129,1,12,30.124031007751938,9.163453013140353,80.0,78.9922480620155,False,single,1,165527.0,0,37,129,2.758783333333333,12,33,78.0,77.0,2024-05-18,0,2024-06-19,32.0,True,False,True,False,False,True,False,Mature,129
todo lit | eladio carrion,Todo Lit — Eladio Carrion,Todo Lit,Eladio Carrion,eladio carrion,2025-01-21,2025-01-21,1,1,23,23.0,,67.0,67.0,True,album,17,241951.0,0,1,1,4.032516666666667,23,23,67.0,67.0,2025-01-21,0,2025-01-21,0.0,False,False,True,False,False,False,True,New Entry,1
toy en el mic | bizarrap,Toy en el Mic — Bizarrap,Toy en el Mic,Bizarrap & Milo j,bizarrap,2024-10-07,2024-10-13,7,1,24,28.571428571428573,6.023762469230862,81.0,76.0,True,single,5,137053.0,0,4,7,2.2842166666666666,39,35,67.0,81.0,2024-10-10,3,2024-10-13,6.0,False,False,True,False,False,True,True,New Entry,7
tqg | karol g,TQG — KAROL G,TQG,KAROL G,karol g,2024-05-18,2025-08-08,120,3,9,31.983333333333334,10.92524894113495,96.0,93.06666666666666,True,album,17,197933.0,3,38,448,3.2988833333333334,9,48,96.0,83.0,2024-05-18,0,2024-05-18,0.0,True,False,True,True,True,False,True,Decline,103
tqmqa | eladio carrion,TQMQA — Eladio Carrion,TQMQA,Eladio Carrion,eladio carrion,2024-12-17,2025-01-26,32,3,15,38.9375,8.35478421952588,80.0,74.78125,False,single,1,169911.0,0,1,41,2.83185,47,48,67.0,74.0,2025-01-21,35,2025-01-10,24.0,False,False,True,True,False,True,False,Decline,8
tranquila baby | eladio carrion,Tranquila Baby — Eladio Carrion,Tranquila Baby,Eladio Carrion,eladio carrion,2025-01-21,2025-01-21,1,1,32,32.0,,67.0,67.0,True,album,17,128000.0,0,0,1,2.1333333333333333,32,32,67.0,67.0,2025-01-21,0,2025-01-21,0.0,False,False,True,False,False,False,True,New Entry,1
trato de estar bien | duki,Trato De Estar Bien — Duki,Trato De Estar Bien,Duki,duki,2025-11-03,2025-11-09,5,2,37,44.0,4.183300132670378,68.0,65.6,False,album,15,213408.0,0,0,7,3.5568,37,48,59.0,68.0,2025-11-03,0,2025-11-08,5.0,False,False,True,True,False,False,False,New Entry,1
trending remix | dei v,Trending Remix (with Myke Towers) — Dei V,Trending Remix (with Myke Towers),Dei V,dei v,2025-03-03,2025-07-20,137,1,10,24.467153284671532,10.908746554735275,80.0,73.46715328467154,True,single,1,225154.0,9,88,140,3.7525666666666666,45,49,76.0,65.0,2025-03-10,7,2025-04-13,41.0,False,False,True,False,True,True,True,Mature,137
tu con el | rauw alejandro,Tú Con Él — Rauw Alejandro,Tú Con Él,Rauw Alejandro,rauw alejandro,2025-11-17,2025-11-23,7,1,12,24.857142857142858,8.15329322888552,79.0,75.14285714285714,False,album,18,289131.0,0,4,7,4.81885,12,33,69.0,79.0,2025-11-17,0,2025-11-23,6.0,False,False,True,False,False,False,False,New Entry,7
tu i | yovngchimi,TU$$I (with Dei V) — YOVNGCHIMI,TU$$I (with Dei V),YOVNGCHIMI,yovngchimi,2025-03-01,2025-08-16,160,5,11,31.8625,10.80384714847203,79.0,76.69375,True,album,16,163200.0,0,44,169,2.72,50,50,76.0,77.0,2025-03-19,18,2025-04-19,49.0,False,False,True,True,False,False,True,Mature,56
tu ritmo | eladio carrion,Tu Ritmo — Eladio Carrion,Tu Ritmo,Eladio Carrion,eladio carrion,2025-01-21,2025-01-21,1,1,21,21.0,,68.0,68.0,True,album,17,158446.0,0,1,1,2.6407666666666665,21,21,68.0,68.0,2025-01-21,0,2025-01-21,0.0,False,False,True,False,False,False,True,New Entry,1
tu silueta | diegote,Tu Silueta — Diegote,Tu Silueta,Diegote,diegote,2025-07-14,2025-10-28,106,1,5,17.40566037735849,12.753172006462359,79.0,76.10377358490567,False,single,1,170480.0,51,77,107,2.8413333333333335,15,50,58.0,73.0,2025-07-31,17,2025-08-11,28.0,False,False,True,False,True,True,False,Peak,106
tuya | rosalia,TUYA — ROSALÍA,TUYA,ROSALÍA,rosalia,2024-06-11,2024-07-18,38,1,6,29.18421052631579,13.612107613599388,87.0,84.92105263157895,True,single,1,154551.0,1,14,38,2.57585,6,45,72.0,87.0,2024-06-11,0,2024-06-29,18.0,False,False,True,False,True,True,True,Decline,38
un deseo | mora,UN DESEO — Mora,UN DESEO,Mora,mora,2024-08-30,2024-08-31,2,1,20,31.0,15.556349186104045,69.0,69.0,True,album,15,218883.0,0,1,2,3.64805,20,42,,69.0,2024-08-30,0,2024-08-31,1.0,False,False,True,False,False,False,True,New Entry,2
un desperdicio | rels b,Un Desperdicio — Rels B,Un Desperdicio,Rels B,rels b,2025-04-28,2025-05-15,16,2,29,36.6875,6.4158008073817285,83.0,79.25,False,album,13,223783.0,0,0,18,3.7297166666666666,35,44,67.0,83.0,2025-05-08,10,2025-05-12,14.0,False,False,True,True,False,False,False,Decline,1
un preview | bad bunny,UN PREVIEW — Bad Bunny,UN PREVIEW,Bad Bunny,bad bunny,2024-09-27,2024-11-02,37,1,1,22.405405405405407,16.385053248920798,92.0,85.77142857142857,True,album,22,165582.0,14,22,37,2.7597,1,49,,87.0,2024-09-27,0,2024-10-10,13.0,False,False,True,False,True,False,True,Decline,37
un rodeoooo | rels b,Un Rodeoooo — Rels B,Un Rodeoooo,Rels B,rels b,2024-07-23,2024-09-23,57,2,36,44.421052631578945,3.8076397283293333,78.0,75.08771929824562,False,album,9,136082.0,0,0,63,2.2680333333333333,48,46,59.0,77.0,2024-08-10,18,2024-09-05,44.0,False,False,True,True,False,False,False,Mature,38
un x100to | grupo frontera,un x100to — Grupo Frontera,un x100to,Grupo Frontera & Bad Bunny,grupo frontera,2024-05-18,2024-06-14,27,2,31,38.03703703703704,6.2786664524923115,100.0,99.96296296296296,False,single,1,194563.0,0,0,28,3.2427166666666665,34,50,99.0,100.0,2024-05-21,3,2024-05-19,1.0,True,False,True,True,False,True,False,Decline,24
una bachata | lola indigo,UNA BACHATA — Lola Indigo,UNA BACHATA,Lola Indigo,lola indigo,2025-02-04,2025-04-27,77,2,8,30.01298701298701,13.119384519514695,77.0,74.06493506493507,False,album,7,157846.0,1,32,83,2.6307666666666667,8,46,60.0,73.0,2025-02-04,0,2025-02-27,23.0,False,False,True,True,True,False,False,Decline,60
una foto remix | mesita,Una Foto Remix (feat. Emilia) — Mesita,Una Foto Remix (feat. Emilia),Mesita & Nicki Nicole & Tiago PZK,mesita,2025-01-11,2025-06-15,154,1,6,24.24025974025974,16.046930842830278,92.0,87.25324675324676,False,single,1,243898.0,49,95,156,4.064966666666667,36,49,77.0,77.0,2025-02-01,21,2025-02-20,40.0,False,False,True,False,True,True,False,Mature,154
una velita | bad bunny,Una Velita — Bad Bunny,Una Velita,Bad Bunny,bad bunny,2025-09-22,2025-09-27,6,1,7,36.0,14.422205101855956,78.0,75.83333333333333,True,single,1,239986.0,1,1,6,3.9997666666666665,7,46,72.0,78.0,2025-09-22,0,2025-09-26,4.0,False,False,True,False,True,True,True,New Entry,6
underneath the tree | kelly clarkson,Underneath the Tree — Kelly Clarkson,Underneath the Tree,Kelly Clarkson,kelly clarkson,2024-12-25,2024-12-27,3,1,22,34.0,10.392304845413264,86.0,86.0,False,album,14,229640.0,0,1,3,3.8273333333333333,22,40,86.0,86.0,2024-12-25,0,2024-12-25,0.0,False,False,True,False,False,False,False,New Entry,3
uwaie | kapo,UWAIE — Kapo,UWAIE,Kapo,kapo,2025-08-20,2025-11-27,100,1,2,9.24,8.89117142411107,89.0,86.4,False,single,1,172427.0,71,94,100,2.8737833333333334,27,42,69.0,86.0,2025-08-29,9,2025-09-15,26.0,False,True,False,False,True,True,False,Peak,100
vacile | yan block,Vacile — Yan Block,Vacile,Yan Block,yan block,2025-08-15,2025-11-27,105,1,16,22.276190476190475,6.527302479254169,79.0,77.45714285714286,True,single,1,140239.0,0,84,105,2.3373166666666667,36,47,73.0,78.0,2025-10-17,63,2025-09-19,35.0,False,True,False,False,False,True,True,Mature,105
vagabundo | sebastian yatra,VAGABUNDO — Sebastian Yatra,VAGABUNDO,Sebastian Yatra & Manuel Turizo & Beéle,sebastian yatra,2024-05-18,2025-10-16,388,21,3,28.969072164948454,15.980093306443303,91.0,84.80412371134021,False,single,1,215600.0,105,142,517,3.5933333333333333,39,47,76.0,78.0,2024-06-04,17,2024-07-04,47.0,True,False,True,True,True,True,False,Mature,248
vampire | olivia rodrigo,vampire — Olivia Rodrigo,vampire,Olivia Rodrigo,olivia rodrigo,2024-07-02,2024-07-02,1,1,48,48.0,,85.0,85.0,True,single,1,219724.0,0,0,1,3.6620666666666666,48,48,85.0,85.0,2024-07-02,0,2024-07-02,0.0,False,False,True,False,False,True,True,New Entry,1
vente conmigo | feid,VENTE CONMIGO — Feid,VENTE CONMIGO,Feid,feid,2024-08-06,2024-08-12,7,1,22,35.285714285714285,12.957806986707354,80.0,77.14285714285714,False,single,1,186000.0,0,3,7,3.1,22,50,71.0,80.0,2024-08-06,0,2024-08-11,5.0,False,False,True,False,False,True,False,New Entry,7
vida de rock | duki,Vida De Rock — Duki,Vida De Rock,Duki,duki,2025-11-03,2025-11-10,8,1,34,40.375,5.730557190560593,73.0,69.25,True,album,15,181503.0,0,0,8,3.02505,36,48,62.0,73.0,2025-11-07,4,2025-11-10,7.0,False,False,True,False,False,False,True,Mature,8
vista al mar | quevedo,VISTA AL MAR — Quevedo,VISTA AL MAR,Quevedo,quevedo,2024-05-21,2024-07-29,33,3,43,47.75757575757576,2.165500851857128,83.0,82.18181818181819,False,album,16,180672.0,0,0,70,3.0112,50,50,83.0,83.0,2024-05-30,9,2024-05-21,0.0,False,False,True,True,False,False,False,Mature,28
volver | tainy,VOLVER — Tainy,VOLVER,Tainy,tainy,2024-07-02,2024-07-02,1,1,49,49.0,,69.0,69.0,True,album,19,185806.0,0,0,1,3.0967666666666664,49,49,69.0,69.0,2024-07-02,0,2024-07-02,0.0,False,False,True,False,False,False,True,New Entry,1
vou 787 | bad bunny,VOU 787 — Bad Bunny,VOU 787,Bad Bunny,bad bunny,2024-10-14,2024-10-18,5,1,13,27.2,12.96919426949878,85.0,81.25,True,album,22,123643.0,0,2,5,2.0607166666666665,13,37,,85.0,2024-10-14,0,2024-10-18,4.0,False,False,True,False,False,False,True,New Entry,5
vuelve candy b | bad bunny,VUELVE CANDY B — Bad Bunny,VUELVE CANDY B,Bad Bunny,bad bunny,2024-10-14,2024-10-18,5,1,19,32.2,12.049896265113654,83.0,79.25,True,album,22,266171.0,0,2,5,4.436183333333333,19,41,,83.0,2024-10-14,0,2024-10-18,4.0,False,False,True,False,False,False,True,New Entry,5
vvs switch remix | pressure 9x19,"VVS Switch (feat. Hades66, Luar La L & CDobleta) - Remix — Pressure 9X19","VVS Switch (feat. Hades66, Luar La L & CDobleta) - Remix",Pressure 9X19 & Anuel AA & YOVNGCHIMI,pressure 9x19,2025-03-17,2025-03-30,13,1,13,31.384615384615383,11.214116561566955,79.0,75.53846153846153,True,single,1,555071.0,0,5,14,9.251183333333334,13,50,67.0,79.0,2025-03-17,0,2025-03-28,11.0,False,False,True,False,False,True,True,Decline,13
wanda | quevedo,WANDA — Quevedo,WANDA,Quevedo,quevedo,2024-05-18,2024-12-07,145,2,18,28.448275862068964,7.7387292906835015,88.0,85.53793103448275,False,album,16,160909.0,0,67,204,2.6818166666666667,18,49,87.0,82.0,2024-05-18,0,2024-07-06,49.0,True,False,True,True,False,False,False,Mature,142
we can t be friends wait for your love | ariana grande,we can't be friends (wait for your love) — Ariana Grande,we can't be friends (wait for your love),Ariana Grande,ariana grande,2025-03-11,2025-03-20,8,2,31,41.5,7.502380574571933,92.0,88.375,False,album,13,228639.0,0,0,10,3.81065,46,47,81.0,92.0,2025-03-13,2,2025-03-19,8.0,False,False,True,True,False,False,False,Decline,6
where she goes | bad bunny,WHERE SHE GOES — Bad Bunny,WHERE SHE GOES,Bad Bunny,bad bunny,2024-05-21,2024-10-28,154,2,1,15.876623376623376,14.18658480832841,100.0,95.13071895424837,True,single,1,231704.0,78,125,161,3.8617333333333335,1,49,82.0,85.0,2024-05-21,0,2024-07-08,48.0,False,False,True,True,True,True,True,Peak,139
whisky | samuel g,Whisky — Samuel G,Whisky,Samuel G & Oscar el Ruso & Aissa,samuel g,2025-07-17,2025-07-31,15,1,30,35.6,5.138093031466052,71.0,68.53333333333333,False,single,1,305265.0,0,0,15,5.08775,41,50,65.0,71.0,2025-07-21,4,2025-07-28,11.0,False,False,True,False,False,True,False,Decline,15
wya remix red | j abdiel,WYA REMIX RED — J Abdiel,WYA REMIX RED,J Abdiel & De La Rose & Yan Block,j abdiel,2025-06-19,2025-11-16,140,4,22,34.957142857142856,6.513816448722401,84.0,81.92857142857143,True,single,1,321741.0,0,3,151,5.36235,43,46,73.0,81.0,2025-07-12,23,2025-09-14,87.0,False,False,True,True,False,True,True,Mature,8
x clusivo remix | gonzy,X'CLUSIVO - REMIX — Gonzy,X'CLUSIVO - REMIX,Gonzy & SAIKO & Arcángel,gonzy,2025-03-03,2025-11-23,262,1,1,16.068702290076335,11.618581259921745,84.0,75.38931297709924,True,single,1,208133.0,105,211,266,3.4688833333333333,1,40,66.0,64.0,2025-03-03,0,2025-04-14,42.0,False,False,True,False,True,True,True,Mature,262
x clusivo | gonzy,X'CLUSIVO — Gonzy,X'CLUSIVO,Gonzy,gonzy,2025-01-31,2025-03-09,38,1,3,18.05263157894737,13.742707881442124,81.0,77.73684210526316,True,single,1,175586.0,17,29,38,2.926433333333333,41,49,72.0,79.0,2025-03-02,30,2025-02-28,28.0,False,False,True,False,True,True,True,Growth,38
xxx rosario xxx | saiko,Xxx_Rosario_xxX — Saiko,Xxx_Rosario_xxX,Saiko,saiko,2024-12-24,2025-01-05,13,1,23,34.53846153846154,5.994655739564819,71.0,66.23076923076923,True,album,7,188936.0,0,1,13,3.1489333333333334,23,42,58.0,71.0,2024-12-24,0,2025-01-04,11.0,False,False,True,False,False,False,True,Decline,13
ya es navidad popurri ya es navidad zumbale a la pandereta ya vienen los reyes magos arre borriquito ya es navidad | raya real,Ya es Navidad Popurrí: Ya es Navidad- Zúmbale a la pandereta - Ya vienen los Reyes Magos - Arre Borriquito - Ya es Navidad — Raya Real,Ya es Navidad Popurrí: Ya es Navidad- Zúmbale a la pandereta - Ya vienen los Reyes Magos - Arre Borriquito - Ya es Navidad,Raya Real,raya real,2024-12-25,2024-12-25,1,1,34,34.0,,50.0,50.0,False,album,9,262144.0,0,0,1,4.369066666666667,34,34,50.0,50.0,2024-12-25,0,2024-12-25,0.0,False,False,True,False,False,False,False,New Entry,1
yandel 150 | yandel,Yandel 150 — Yandel,Yandel 150,Yandel,yandel,2024-05-18,2024-09-23,125,2,10,26.376,9.51710175454963,90.0,88.52,True,album,17,216148.0,4,55,129,3.6024666666666665,10,40,90.0,84.0,2024-05-18,0,2024-05-18,0.0,True,False,True,True,True,False,True,Mature,104
yankee 150 | yandel,Yankee 150 — Yandel,Yankee 150,Yandel & Feid & Daddy Yankee,yandel,2024-06-18,2024-06-18,1,1,46,46.0,,68.0,68.0,True,single,1,242667.0,0,0,1,4.04445,46,46,68.0,68.0,2024-06-18,0,2024-06-18,0.0,False,False,True,False,False,True,True,New Entry,1
yes and | ariana grande,"yes, and? — Ariana Grande","yes, and?",Ariana Grande,ariana grande,2025-01-14,2025-01-20,7,1,30,35.42857142857143,3.2071349029490936,94.0,91.0,True,single,1,214994.0,0,0,7,3.5832333333333333,37,40,85.0,94.0,2025-01-18,4,2025-01-19,5.0,False,False,True,False,False,True,True,New Entry,7
yo lo sone | saiko,YO LO SOÑÉ — SAIKO,YO LO SOÑÉ,SAIKO & Omar Montes,saiko,2025-04-19,2025-08-16,118,1,1,22.610169491525422,15.372321612752541,75.0,69.2457627118644,False,album,16,175456.0,43,64,120,2.9242666666666666,8,46,60.0,67.0,2025-04-30,11,2025-04-27,8.0,False,False,True,False,True,False,False,Mature,118
yo se | yan block,Yo sé — Yan Block,Yo sé,Yan Block & TORRRES,yan block,2025-11-01,2025-11-27,26,2,8,22.384615384615383,12.325832785096264,76.0,72.65384615384616,True,single,1,129705.0,2,17,27,2.16175,49,20,69.0,76.0,2025-11-22,21,2025-11-25,24.0,False,True,False,True,True,True,True,Growth,2
yo tengo un novio | lola indigo,YO TENGO UN NOVIO — Lola Indigo,YO TENGO UN NOVIO,Lola Indigo,lola indigo,2024-12-17,2024-12-24,8,1,18,32.875,14.166736694504793,63.0,60.125,False,album,7,144424.0,0,4,8,2.4070666666666667,42,50,55.0,63.0,2024-12-21,4,2024-12-23,6.0,False,False,True,False,False,False,False,Growth,8
yotuloko | omar montes,YOTULOKO — Omar Montes,YOTULOKO,Omar Montes & Rels B,omar montes,2025-07-14,2025-11-05,114,1,22,32.51754385964912,6.62688604796775,76.0,73.82456140350877,False,single,1,213699.0,0,18,115,3.56165,36,46,57.0,72.0,2025-07-27,13,2025-08-12,29.0,False,False,True,False,False,True,False,Mature,114
young miko bzrp music sessions vol 58 | bizarrap,"Young Miko: Bzrp Music Sessions, Vol. 58 — Bizarrap","Young Miko: Bzrp Music Sessions, Vol. 58",Bizarrap & Young Miko,bizarrap,2025-01-13,2025-04-26,101,2,1,17.495049504950494,16.0839197724785,95.0,90.58415841584159,False,single,1,187172.0,49,63,104,3.1195333333333335,1,50,76.0,86.0,2025-01-13,0,2025-02-10,28.0,False,False,True,True,True,True,False,Decline,100
zorra | nebulossa,ZORRA — Nebulossa,ZORRA,Nebulossa,nebulossa,2025-02-05,2025-05-18,21,2,8,26.761904761904763,15.026326104223754,75.0,72.76190476190476,True,single,1,183577.0,5,11,103,3.059616666666667,8,50,67.0,74.0,2025-02-05,0,2025-02-15,10.0,False,False,True,True,True,True,True,Decline,15
